"Latest: Time (s)","Latest: Illumination (lux)","Latest: Angle (rad)","Latest: Velocity (rad/s)","Latest: Acceleration (rad/s²)","Run 1: Time (s)","Run 1: Intensity (%)","Run 1: Angle (rad)","Run 1: Velocity (rad/s)","Run 1: Acceleration (rad/s²)"
0.028571,30212.2302246,0,0,0,0.05,31.4926147461,0,0,0
0.057142,30153.5998535,0,0,0,0.1,31.5231323242,0,0,0
0.085713,30212.2302246,0,0,0,0.15,31.462097168,0,0,0
0.114284,30153.5998535,0,0,0,0.2,31.5536499023,0,0,0
0.142855,30153.5998535,0,0,0,0.25,31.4926147461,0,0,0
0.171426,30153.5998535,0,0,0,0.3,31.5536499023,0,0,0
0.199997,30153.5998535,0,0,0,0.35,31.5231323242,0,0,0
0.228568,30270.8605957,0,0,0,0.4,31.4315795898,0,0,0
0.257139,30094.9694824,0,0,0,0.45,31.462097168,0,0,0
0.28571,30212.2302246,0,0,0,0.5,31.4926147461,0,0,0
0.314281,30153.5998535,0,0,0,0.55,31.4315795898,0,0,0
0.342852,30153.5998535,0,0,0,0.6,31.5231323242,0,0,0
0.371423,30212.2302246,0,0,0,0.65,31.462097168,0,0,0
0.399994,30153.5998535,0,0,0,0.7,31.5231323242,0,0,0
0.428565,30212.2302246,0,0,0,0.75,31.4315795898,0,0,0
0.457136,30153.5998535,0,0,0,0.8,31.4926147461,0,0,0
0.485707,30153.5998535,0,0,0,0.85,31.4926147461,0,0,0
0.514278,30153.5998535,0,0,0,0.9,31.4315795898,0,0,0
0.542849,30153.5998535,0,0,0,0.95,31.6452026367,0,0,0
0.57142,30212.2302246,0,0,0,1,31.5536499023,0,0,0
0.599991,30036.3391113,0,0,0,1.05,31.4010620117,0,0,0
0.628562,30212.2302246,0,0,0,1.1,31.462097168,0,0,0
0.657133,30153.5998535,0,0,0,1.15,31.6452026367,0,0,0
0.685704,30212.2302246,0,0,0,1.2,31.8588256836,0,0,0
0.714275,30153.5998535,0,0,0,1.25,31.7672729492,0,0,0
0.742846,30153.5998535,0,0,0,1.3,31.9488525391,0,0,0
0.771417,30270.8605957,0,0,0,1.35,32.0709228516,0,0,0
0.799988,30212.2302246,0,0,-0.0164976271295,1.4,31.9183349609,0,0,0
0.828559,30270.8605957,0,0,-0.115483389907,1.45,31.9488525391,0,0,0
0.85713,30270.8605957,0,0,-0.577416949533,1.5,32.0404052734,0,0,0
0.885701,30329.4909668,0,-0.0169687333698,-1.58377220443,1.55,31.7977905273,0,0,0
0.914272,30212.2302246,0,-0.0678749334793,-3.184042036,1.6,32.1624755859,0,0,0
0.942843,30212.2302246,0,-0.237562267178,-3.64597559563,1.65,32.4371337891,0,0,0
0.971414,30212.2302246,-0.0174532925199,-0.305437200657,-3.15104678174,1.7,32.8338623047,0,0,-0.010773637358
0.999985,30094.9694824,-0.0174532925199,-0.373312134136,-3.76145898553,1.75,32.6202392578,0,0,-0.0808022801849
1.028556,30153.5998535,-0.0349065850399,-0.542999467835,-3.7449613584,1.8,32.5897216797,0,0,-0.414785038283
1.057127,29977.7087402,-0.0523598775598,-0.610874401314,-3.05206101896,1.85,32.7423095703,0,-0.0193925472444,-1.21203420277
1.085698,29860.447998,-0.0698131700798,-0.678749334793,-3.20053966313,1.9,32.9559326172,0,-0.0872664625997,-2.51025750441
1.114269,29743.1872559,-0.0872664625997,-0.831467935122,-2.30966779814,1.95,32.5592041016,0,-0.31028075591,-2.97352391081
1.14284,29743.1872559,-0.12217304764,-0.848436668492,-0.643407458054,2,34.2666625977,-0.0349065850399,-0.465421133865,-1.87461290029
1.171411,29743.1872559,-0.13962634016,-0.763593001643,-2.02920813693,2.05,33.9630126953,-0.0523598775598,-0.504206228354,-0.565615961295
1.199982,29567.2961426,-0.157079632679,-0.933280335341,-4.10790915525,2.1,35.2737426758,-0.0872664625997,-0.494509954732,0.220859565839
1.228553,29508.6657715,-0.191986217719,-1.11993640241,-2.50763932368,2.15,35.2737426758,-0.10471975512,-0.426636039376,-0.0861890988639
1.257124,29274.1442871,-0.226892802759,-1.13690513578,1.03935050916,2.2,34.9685668945,-0.12217304764,-0.494509954732,-0.678739153553
1.285695,29215.513916,-0.261799387799,-0.98418653545,2.40865356091,2.25,33.1085205078,-0.157079632679,-0.523598775598,-0.797249164491
1.314266,29039.6228027,-0.279252680319,-0.933280335341,1.55077695017,2.3,29.7225952148,-0.174532925199,-0.562383870087,-0.969627362219
1.342837,28980.9924316,-0.314159265359,-0.916311601971,1.13833627193,2.35,25.5752563477,-0.209439510239,-0.649650332687,-0.560229142615
1.371408,28980.9924316,-0.331612557879,-0.899342868601,1.68275796721,2.4,23.2574462891,-0.244346095279,-0.649650332687,0.296275027345
1.399979,28805.1013184,-0.366519142919,-0.848436668492,3.10155390035,2.45,22.4349975586,-0.279252680319,-0.572080143709,0.301661846023
1.42855,28805.1013184,-0.383972435439,-0.678749334793,3.184042036,2.5,22.3739624023,-0.296705972839,-0.572080143709,-0.522521411863
1.457121,28687.8405762,-0.401425727959,-0.627843134684,2.12819389971,2.55,23.8677978516,-0.331612557879,-0.659346606309,-0.770315071096
1.485692,28687.8405762,-0.418879020479,-0.593905667944,2.02920813693,2.6,25.9414672852,-0.366519142919,-0.688435427176,-0.204699109802
1.514263,28629.2102051,-0.436332312999,-0.542999467835,2.60662508647,2.65,26.1856079102,-0.401425727959,-0.688435427176,0.743380977701
1.542834,28453.3190918,-0.453785605519,-0.390280867506,1.50128406879,2.7,26.399230957,-0.436332312999,-0.639954059065,2.17627474631
1.571405,28629.2102051,-0.453785605519,-0.390280867506,-1.61676745869,2.75,27.0095825195,-0.471238898038,-0.475117407487,3.5122057787
1.599976,28511.9494629,-0.471238898038,-0.542999467834,-3.05206101896,2.8,26.7044067383,-0.488692190558,-0.22301429331,3.51759259738
1.628547,28511.9494629,-0.488692190558,-0.610874401314,-2.9035823748,2.85,25.0274658203,-0.488692190558,-0.0581776417331,2.21398247707
1.657118,28394.6887207,-0.506145483078,-0.678749334793,-3.05206101896,2.9,24.3255615234,-0.488692190558,-0.00969627362219,0.926532812787
1.685689,28453.3190918,-0.523598775598,-0.831467935122,-1.61676745869,2.95,24.5086669922,-0.488692190558,0,0.26934093395
1.71426,28453.3190918,-0.558505360638,-0.831467935122,1.48478644166,3,24.7528076172,-0.488692190558,0,0.0484813681109
1.742831,28453.3190918,-0.575958653158,-0.678749334793,2.49114169656,3.05,24.6307373047,-0.488692190558,0,0.00538681867899
1.771402,28511.9494629,-0.593411945678,-0.627843134684,1.4517911874,3.1,24.6002197266,-0.488692190558,0,0
1.799973,28394.6887207,-0.610865238198,-0.610874401314,0.560919322406,3.15,24.6002197266,-0.488692190558,0,0
1.828544,28511.9494629,-0.628318530718,-0.610874401314,0.115483389911,3.2,24.6917724609,-0.488692190558,0,-0.010773637358
1.857115,28511.9494629,-0.645771823238,-0.610874401314,0.016497627132,3.25,24.9664306641,-0.488692190558,0,-0.0808022801849
1.885686,28629.2102051,-0.663225115758,-0.610874401314,-2.44397677166E-012,3.3,25.1190185547,-0.488692190558,0,-0.414785038283
1.914257,28687.8405762,-0.680678408278,-0.610874401314,-4.05282200537E-012,3.35,24.8443603516,-0.488692190558,-0.0193925472444,-1.21742102145
1.942828,28570.579834,-0.698131700798,-0.610874401314,-2.35298337804E-012,3.4,24.7528076172,-0.488692190558,-0.0872664625997,-2.54796523516
1.971399,28687.8405762,-0.715584993318,-0.610874401314,-0.0164976271304,3.45,25.4531860352,-0.488692190558,-0.31028075591,-3.15667574589
1.99997,28629.2102051,-0.733038285838,-0.610874401314,-0.115483389907,3.5,26.8569946289,-0.523598775598,-0.475117407487,-2.35403976272
2.028541,28687.8405762,-0.750491578358,-0.610874401314,-0.560919322404,3.55,24.8748779297,-0.541052068118,-0.542991322843,-1.4113464939
2.057112,28629.2102051,-0.767944870877,-0.627843134684,-1.4517911874,3.6,25.0579833984,-0.575958653158,-0.62056151182,-0.414785038282
2.085683,28687.8405762,-0.785398163397,-0.678749334793,-2.49114169656,3.65,22.8317260742,-0.610865238198,-0.562383870087,0.118510010938
2.114254,28746.4709473,-0.802851455917,-0.831467935122,-1.50128406878,3.7,23.5931396484,-0.628318530718,-0.562383870087,-0.166991379049
2.142825,28805.1013184,-0.837758040957,-0.831467935122,1.48478644166,3.75,23.6236572266,-0.663225115758,-0.62056151182,0.188538653765
2.171396,28863.7316895,-0.855211333477,-0.678749334793,2.37565830665,3.8,23.4710693359,-0.698131700798,-0.552687596465,0.711060065627
2.199967,28863.7316895,-0.872664625997,-0.627843134684,0.874374237862,3.85,22.9522705078,-0.715584993318,-0.523598775598,0.834956895244
2.228538,29098.2531738,-0.890117918517,-0.627843134684,-1.00635525491,3.9,22.5875854492,-0.750491578358,-0.48481368111,1.10968464787
2.257109,29156.8835449,-0.907571211037,-0.678749334793,-2.93657762906,3.95,20.3308105469,-0.767944870878,-0.387850944888,0.808022801849
2.28568,29215.513916,-0.925024503557,-0.848436668492,-2.93657762906,4,19.3542480469,-0.785398163397,-0.368458397643,-0.183151835086
2.314251,29156.8835449,-0.959931088597,-0.899342868601,-1.0063552549,4.05,19.1101074219,-0.802851455917,-0.39754721851,-1.31977057635
2.342822,29332.7746582,-0.977384381117,-0.899342868601,0.874374237866,4.1,18.5302734375,-0.820304748437,-0.523598775598,-1.92848108708
2.371393,29450.0354004,-1.01229096616,-0.848436668492,2.39215593378,4.15,17.8604125977,-0.855211333477,-0.649650332687,-1.32515739503
2.399964,29450.0354004,-1.02974425868,-0.695718068163,1.58377220444,4.2,16.8533325195,-0.890117918517,-0.678739153553,-0.226246384518
2.428535,29625.9265137,-1.0471975512,-0.695718068163,-1.03935050916,4.25,17.3721313477,-0.925024503557,-0.659346606309,0.592550054689
2.457106,29625.9265137,-1.06465084372,-0.831467935122,-1.48478644166,4.3,19.2626953125,-0.959931088597,-0.572080143709,0.495587318468
2.485677,29743.1872559,-1.09955742876,-0.848436668492,0.164976271291,4.35,20.6970214844,-0.977384381117,-0.572080143709,-0.226246384518
2.514248,29860.447998,-1.11701072128,-0.746624268273,0.0164976271272,4.4,22.0993041992,-1.01229096616,-0.649650332687,0.113123192259
2.542819,29919.0783691,-1.1344640138,-0.848436668492,-0.0494928813895,4.45,22.9522705078,-1.0471975512,-0.630257785442,1.73994243332
2.57139,30036.3391113,-1.16937059884,-0.831467935122,2.06220339119,4.5,23.2269287109,-1.08210413624,-0.475117407487,3.3344407623
2.599961,29977.7087402,-1.18682389136,-0.678749334793,2.60662508647,4.55,24.4476318359,-1.09955742876,-0.22301429331,3.47988486663
2.628532,30153.5998535,-1.20427718388,-0.627843134684,1.4517911874,4.6,24.4476318359,-1.09955742876,-0.0581776417331,2.20859565839
2.657103,30094.9694824,-1.2217304764,-0.610874401314,0.4454359325,4.65,24.2034912109,-1.09955742876,-0.00969627362219,0.926532812787
2.685674,30212.2302246,-1.23918376892,-0.610874401314,-0.461933559623,4.7,23.5321044922,-1.09955742876,0,0.26934093395
2.714245,30270.8605957,-1.25663706144,-0.627843134684,-1.5672745773,4.75,23.6541748047,-1.09955742876,0,0.048481368111
2.742816,30270.8605957,-1.27409035396,-0.678749334793,-3.184042036,4.8,23.4405517578,-1.09955742876,0,0.005386818679
2.771387,30388.1213379,-1.29154364648,-0.848436668492,-3.6294779685,4.85,23.6236572266,-1.09955742876,0,0
2.799958,30270.8605957,-1.32645023152,-0.916311601971,-3.01906576471,4.9,23.4710693359,-1.09955742876,0,0
2.828529,30388.1213379,-1.34390352404,-0.984186535451,-3.06855864609,4.95,23.4405517578,-1.09955742876,0,0
2.8571,30388.1213379,-1.37881010908,-1.13690513578,-1.60026983156,5,23.6236572266,-1.09955742876,0,0
2.885671,30446.751709,-1.41371669412,-1.13690513578,1.58377220444,5.05,23.5626220703,-1.09955742876,0,-0.005386818679
2.914242,30388.1213379,-1.44862327916,-0.98418653545,2.95307525619,5.1,23.8372802734,-1.09955742876,0,-0.048481368111
2.942813,30329.4909668,-1.46607657168,-0.916311601971,2.44164881517,5.15,23.8372802734,-1.09955742876,0,-0.26934093395
2.971384,30388.1213379,-1.50098315672,-0.865405401862,2.04570576406,5.2,23.8067626953,-1.09955742876,-0.00969627362219,-0.926532812787
2.999955,30270.8605957,-1.51843644924,-0.746624268273,-2.33787178242E-012,5.25,24.3560791016,-1.09955742876,-0.0581776417331,-2.20859565839
3.028526,30270.8605957,-1.53588974175,-0.865405401862,-2.04570576406,5.3,24.1424560547,-1.09955742876,-0.22301429331,-3.47988486663
3.057097,30153.5998535,-1.57079632679,-0.916311601971,-2.44164881517,5.35,24.4476318359,-1.11701072128,-0.475117407487,-3.3344407623
3.085668,30153.5998535,-1.58824961931,-0.984186535451,-2.95307525618,5.4,25.0274658203,-1.15191730632,-0.630257785442,-1.73455561464
3.114239,30036.3391113,-1.62315620435,-1.13690513578,-1.60026983156,5.45,25.3005981445,-1.18682389136,-0.649650332687,-0.0754154615061
3.14281,29977.7087402,-1.65806278939,-1.13690513578,1.46828881453,5.5,25.7583618164,-1.2217304764,-0.572080143709,0.409398219604
3.171381,29919.0783691,-1.69296937443,-0.98418653545,2.37565830665,5.55,27.1011352539,-1.23918376892,-0.562383870087,-0.026934093395
3.199952,29625.9265137,-1.71042266695,-0.933280335341,0.890871864991,5.6,26.9790649414,-1.27409035396,-0.62056151182,0.183151835086
3.228523,29684.5568848,-1.74532925199,-0.933280335341,-0.890871864996,5.65,25.178527832,-1.308996939,-0.552687596465,0.527908230542
3.257094,29508.6657715,-1.76278254451,-0.984186535451,-2.37565830665,5.7,22.526550293,-1.32645023152,-0.53329504922,0.32320912074
3.285665,29508.6657715,-1.79768912955,-1.13690513578,-1.46828881452,5.75,19.7814941406,-1.36135681656,-0.523598775598,0.118510010938
3.314236,29274.1442871,-1.83259571459,-1.13690513578,1.60026983157,5.8,20.7870483398,-1.37881010908,-0.523598775598,-0.118510010938
3.342807,29156.8835449,-1.86750229963,-0.98418653545,2.95307525618,5.85,22.2213745117,-1.41371669412,-0.53329504922,-0.317822302061
3.371378,29039.6228027,-1.88495559215,-0.916311601971,2.4581464423,5.9,22.4044799805,-1.43116998664,-0.552687596465,-0.484813681109
3.399949,28863.7316895,-1.91986217719,-0.865405401862,2.1776867811,5.95,24.2645263672,-1.46607657168,-0.62056151182,0.037707730753
3.42852,28922.3620605,-1.93731546971,-0.746624268273,0.709397966569,6,26.7654418945,-1.50098315672,-0.552687596465,0.678739153553
3.457091,28746.4709473,-1.95476876223,-0.848436668492,0.214469152684,6.05,28.4729003906,-1.51843644924,-0.523598775598,0.840343713923
3.485662,28629.2102051,-1.98967534727,-0.831467935122,2.77160135776,6.1,30.0888061523,-1.55334303427,-0.48481368111,1.19587374674
3.514233,28511.9494629,-2.00712863979,-0.661780601424,4.7513166133,6.15,30.4244995117,-1.57079632679,-0.387850944888,1.26051557088
3.542804,28511.9494629,-2.02458193231,-0.542999467835,6.10412203792,6.2,30.4550170898,-1.58824961931,-0.349065850399,1.21742102145
3.571375,28511.9494629,-2.04203522483,-0.305437200657,6.69803661459,6.25,29.9057006836,-1.60570291183,-0.300584482288,1.70223470256
3.599946,28394.6887207,-2.04203522483,-0.0848436668492,4.7513166133,6.3,28.5949707031,-1.62315620435,-0.174532925199,2.04160427934
3.628517,28453.3190918,-2.04203522483,-0.0169687333698,2.16118915397,6.35,30.2719116211,-1.62315620435,-0.048481368111,1.51908286748
3.657088,28336.0583496,-2.04203522483,0,0.69290033944,6.4,31.0348510742,-1.62315620435,-0.00969627362219,0.700286428269
3.685659,28336.0583496,-2.04203522483,0,0.131981017036,6.45,29.753112793,-1.62315620435,0,0.226246384518
3.71423,28277.4279785,-2.04203522483,0,0.0164976271295,6.5,29.7225952148,-1.62315620435,0,0.043094549432
3.742801,28277.4279785,-2.04203522483,0,0,6.55,29.0222167969,-1.62315620435,0,0.005386818679
3.771372,28336.0583496,-2.04203522483,0,0,6.6,29.6020507813,-1.62315620435,0,0
3.799943,28277.4279785,-2.04203522483,0,0,6.65,29.753112793,-1.62315620435,0,0
3.828514,28336.0583496,-2.04203522483,0,0,6.7,29.1748046875,-1.62315620435,0,0
3.857085,28277.4279785,-2.04203522483,0,0,6.75,29.9057006836,-1.62315620435,0,0
3.885656,28394.6887207,-2.04203522483,0,0,6.8,29.5715332031,-1.62315620435,0,-0.00538681867899
3.914227,28336.0583496,-2.04203522483,0,0,6.85,29.8751831055,-1.62315620435,0,-0.0484813681109
3.942798,28277.4279785,-2.04203522483,0,0,6.9,29.8446655273,-1.62315620435,0,-0.26934093395
3.971369,28394.6887207,-2.04203522483,0,0,6.95,29.9362182617,-1.62315620435,-0.00969627362219,-0.921145994108
3.99994,28277.4279785,-2.04203522483,0,0,7,30.3329467773,-1.62315620435,-0.0581776417331,-2.17627474631
4.028511,28394.6887207,-2.04203522483,0,0,7.05,30.6991577148,-1.62315620435,-0.22301429331,-3.32905394362
4.057082,28394.6887207,-2.04203522483,0,0,7.1,30.5465698242,-1.64060949687,-0.465421133865,-3.0004580042
4.085653,28453.3190918,-2.04203522483,0,0,7.15,29.4494628906,-1.67551608191,-0.601168964576,-1.17432647202
4.114224,28453.3190918,-2.04203522483,0,-0.0164976271295,7.2,26.4297485352,-1.71042266695,-0.552687596465,0.258567296592
4.142795,28453.3190918,-2.04203522483,0,-0.148478644166,7.25,25.6973266602,-1.72787595947,-0.523598775598,0.716446884306
4.171366,28511.9494629,-2.04203522483,0,-0.841378983606,7.3,26.2771606445,-1.76278254451,-0.48481368111,0.953466906182
4.199937,28394.6887207,-2.04203522483,-0.0169687333698,-2.96957288331,7.35,26.9180297852,-1.78023583703,-0.39754721851,0.517134593184
4.228508,28511.9494629,-2.04203522483,-0.101812400219,-7.45692746254,7.4,27.4353027344,-1.79768912955,-0.39754721851,-0.517134593184
4.257079,28511.9494629,-2.04203522483,-0.407249600876,-12.7856610254,7.45,27.4963378906,-1.81514242207,-0.48481368111,-0.96424054354
4.28565,28394.6887207,-2.05948851735,-0.916311601971,-14.6993857724,7.5,27.587890625,-1.85004900711,-0.523598775598,-0.797249164491
4.314221,28336.0583496,-2.09439510239,-1.4084048697,-10.6574671257,7.55,28.2592773438,-1.86750229963,-0.552687596465,-0.667965516195
4.342792,28160.1672363,-2.14675497995,-1.64596713687,-2.26017491675,7.6,28.3813476563,-1.90240888467,-0.62056151182,-0.00538681867901
4.371363,28218.7976074,-2.19911485751,-1.49324853655,4.75131661331,7.65,28.5034179688,-1.93731546971,-0.552687596465,0.635644604121
4.399934,28218.7976074,-2.23402144255,-1.238717536,6.96199864866,7.7,30.6381225586,-1.95476876223,-0.523598775598,0.646418241479
4.428505,28336.0583496,-2.26892802759,-1.00115526882,5.52670508839,7.75,34.8159790039,-1.98967534727,-0.494509954732,0.635644604121
4.457076,28336.0583496,-2.28638132011,-0.916311601971,3.25003254451,7.8,34.3276977539,-2.00712863979,-0.426636039376,-0.005386818679
4.485647,28394.6887207,-2.32128790515,-0.865405401862,2.30966779813,7.85,34.9075317383,-2.02458193231,-0.494509954732,-0.667965516195
4.514218,28394.6887207,-2.33874119767,-0.746624268273,0.577416949533,7.9,27.9541015625,-2.05948851735,-0.523598775598,-0.797249164491
4.542789,28453.3190918,-2.35619449019,-0.848436668492,-0.593914576663,7.95,32.1014404297,-2.07694180987,-0.562383870087,-0.96424054354
4.57136,28511.9494629,-2.39110107523,-0.848436668492,0.0494928813895,8,31.3095092773,-2.11184839491,-0.649650332687,-0.517134593184
4.599931,28453.3190918,-2.40855436775,-0.763593001643,-1.4517911874,8.05,27.4047851563,-2.14675497995,-0.649650332687,0.522521411862
4.628502,28746.4709473,-2.42600766027,-0.916311601971,-3.10155390035,8.1,27.5268554688,-2.18166156499,-0.562383870087,1.00733509297
4.657073,28746.4709473,-2.46091424531,-1.0690302023,-1.0063552549,8.15,24.4171142578,-2.19911485751,-0.523598775598,1.02888236769
4.685644,28863.7316895,-2.49582083035,-0.96721780208,1.03935050916,8.2,23.3184814453,-2.23402144255,-0.48481368111,1.4113464939
4.714215,28980.9924316,-2.51327412287,-0.933280335341,0.874374237861,8.25,22.282409668,-2.25147473507,-0.378154671265,1.73994243332
4.742786,29156.8835449,-2.54818070791,-0.916311601971,0.346450169718,8.3,22.038269043,-2.26892802759,-0.31028075591,2.03083064198
4.771357,29332.7746582,-2.56563400043,-0.916311601971,-0.36294779685,8.35,22.1908569336,-2.28638132011,-0.174532925199,2.19243520235
4.799928,29450.0354004,-2.60054058547,-0.933280335341,-0.989857627769,8.4,21.6415405273,-2.28638132011,-0.048481368111,1.55140377955
4.828499,29625.9265137,-2.61799387799,-0.967217802081,-1.60026983156,8.45,21.1837768555,-2.28638132011,-0.00969627362219,0.705673246948
4.85707,29684.5568848,-2.65290046303,-1.08599893567,-0.461933559624,8.5,19.140625,-2.28638132011,0,0.226246384518
4.885641,29919.0783691,-2.68780704807,-0.98418653545,0.494928813883,8.55,19.1711425781,-2.28638132011,0,0.043094549432
4.914212,29977.7087402,-2.70526034059,-0.98418653545,-0.610412203796,8.6,19.5373535156,-2.28638132011,0,0.005386818679
4.942783,29977.7087402,-2.74016692563,-1.08599893567,-2.17563800944E-012,8.65,19.4763183594,-2.28638132011,0,0
4.971354,30212.2302246,-2.77507351067,-0.984186535451,0.610412203792,8.7,19.140625,-2.28638132011,0,0
4.999925,30153.5998535,-2.79252680319,-0.98418653545,-0.494928813884,8.75,19.4458007813,-2.28638132011,0,-0.00538681867899
5.028496,30446.751709,-2.82743338823,-1.08599893567,0.428938305372,8.8,19.5068359375,-2.28638132011,0,-0.0484813681109
5.057067,30505.3820801,-2.86233997327,-0.96721780208,1.36930305175,8.85,19.62890625,-2.28638132011,0,-0.26934093395
5.085638,30622.6428223,-2.87979326579,-0.933280335341,-0.131981017039,8.9,20.5749511719,-2.28638132011,-0.00969627362219,-0.921145994108
5.114209,30681.2731934,-2.91469985083,-0.950249068711,-2.55713220508,8.95,20.7260131836,-2.28638132011,-0.0581776417331,-2.18166156499
5.14278,30681.2731934,-2.93215314335,-1.05206146893,-5.46071457987,9,21.061706543,-2.28638132011,-0.22301429331,-3.37214849305
5.171351,30622.6428223,-2.96705972839,-1.37446740296,-4.53684746062,9.05,22.1603393555,-2.30383461263,-0.465421133865,-3.22131757004
5.199922,30505.3820801,-3.01941960595,-1.42537360307,0.0494928813924,9.1,22.038269043,-2.33874119767,-0.610865238198,-1.83690516954
5.228493,30564.0124512,-3.05432619099,-1.28962373611,2.47464406943,9.15,22.282409668,-2.37364778271,-0.601168964576,-1.06120327976
5.257064,30505.3820801,-3.08923277603,-1.22174880263,2.80459661202,9.2,22.4044799805,-2.39110107523,-0.688435427176,-0.737994159022
5.285635,30505.3820801,-3.12413936107,-1.15387386915,3.15104678174,9.25,25.3921508789,-2.44346095279,-0.746613068909,0.624870966763
5.314206,30388.1213379,-3.15904594611,-1.00115526882,2.1776867811,9.3,25.422668457,-2.47836753783,-0.591472690954,1.30361012032
5.342777,30329.4909668,-3.17649923863,-0.984186535451,-0.0329952542591,9.35,25.9414672852,-2.49582083035,-0.542991322843,0.651805060158
5.371348,30270.8605957,-3.21140582367,-1.08599893567,2.17596182934E-012,9.4,25.0579833984,-2.53072741539,-0.53329504922,0.00538681867898
5.399919,30153.5998535,-3.24631240871,-0.98418653545,0.0494928813926,9.45,22.2213745117,-2.54818070791,-0.552687596465,-0.457879587715
5.42849,30036.3391113,-3.26376570123,-1.00115526882,-2.07870101832,9.5,20.9701538086,-2.58308729295,-0.62056151182,-0.177765016407
5.457061,29919.0783691,-3.29867228627,-1.15387386915,-2.7386061035,9.55,20.0866699219,-2.61799387799,-0.562383870087,-0.0161604560368
5.485632,29919.0783691,-3.33357887131,-1.20478006926,-2.14469152684,9.6,20.5139160156,-2.63544717051,-0.572080143709,-0.635644604121
5.514203,29684.5568848,-3.36848545635,-1.238717536,-2.57362983221,9.65,21.8246459961,-2.67035375555,-0.659346606309,-0.630257785442
5.542774,29567.2961426,-3.40339204139,-1.30659246948,-4.05841627386,9.7,23.1964111328,-2.70526034059,-0.678739153553,0.183151835086
5.571345,29450.0354004,-3.43829862643,-1.51021726992,-3.99242576534,9.75,22.6791381836,-2.74016692563,-0.649650332687,1.14200555995
5.599916,29039.6228027,-3.49065850399,-1.66293587024,0.115483389904,9.8,22.9232788086,-2.77507351067,-0.53329504922,1.45982786201
5.628487,28922.3620605,-3.54301838155,-1.51021726992,4.56984271487,9.85,24.1729736328,-2.79252680319,-0.436332312999,0.554842323936
5.657058,28805.1013184,-3.57792496659,-1.28962373611,5.51020746126,9.9,24.7833251953,-2.80998009571,-0.494509954732,-0.037707730753
5.685629,28805.1013184,-3.61283155163,-1.17084260252,5.0812691559,9.95,26.1856079102,-2.84488668075,-0.504206228354,0.603323692047
5.7142,28629.2102051,-3.64773813667,-0.98418653545,3.77795661267,10,27.9846191406,-2.86233997327,-0.465421133865,1.87999971897
5.742771,28570.579834,-3.66519142919,-0.933280335341,1.93022237416,10.05,28.7170410156,-2.89724655831,-0.31028075591,2.97352391081
5.771342,28570.579834,-3.70009801423,-0.916311601971,1.7322508486,10.1,29.4189453125,-2.89724655831,-0.0872664625997,2.51025750441
5.799913,28394.6887207,-3.71755130675,-0.882374135231,3.15104678174,10.15,29.2663574219,-2.89724655831,-0.0193925472444,1.21203420277
5.828484,28453.3190918,-3.75245789179,-0.780561735012,5.70817898681,10.2,28.0151367188,-2.89724655831,0,0.414785038283
5.857055,28453.3190918,-3.76991118431,-0.458155800986,5.26274305432,10.25,28.3813476563,-2.89724655831,0,0.0808022801849
5.885626,28511.9494629,-3.76991118431,-0.390280867506,2.21068203536,10.3,28.1982421875,-2.89724655831,0,0.010773637358
5.914197,28453.3190918,-3.78736447683,-0.458155800986,2.72210847637,10.35,28.1066894531,-2.89724655831,0,0
5.942768,28394.6887207,-3.80481776935,-0.288468467287,4.80080949469,10.4,27.8015136719,-2.89724655831,0,0
5.971339,28394.6887207,-3.80481776935,-0.0848436668492,4.09141152812,10.45,27.7099609375,-2.89724655831,0,0
5.99991,28453.3190918,-3.80481776935,-0.0169687333698,2.02920813693,10.5,28.1066894531,-2.89724655831,0,-0.005386818679
6.028481,28570.579834,-3.80481776935,0,0.676402712311,10.55,28.1066894531,-2.89724655831,0,-0.048481368111
6.057052,28511.9494629,-3.80481776935,0,0.131981017036,10.6,28.1066894531,-2.89724655831,0,-0.26934093395
6.085623,28511.9494629,-3.80481776935,0,0.0164976271295,10.65,29.1442871094,-2.89724655831,-0.00969627362219,-0.926532812787
6.114194,28511.9494629,-3.80481776935,0,0,10.7,29.0832519531,-2.89724655831,-0.0581776417331,-2.21398247707
6.142765,28511.9494629,-3.80481776935,0,0,10.75,29.1137695313,-2.89724655831,-0.22301429331,-3.51759259738
6.171336,28570.579834,-3.80481776935,0,0,10.8,26.9180297852,-2.91469985083,-0.475117407487,-3.51759259738
6.199907,28511.9494629,-3.80481776935,0,0,10.85,26.887512207,-2.94960643587,-0.639954059065,-2.21398247707
6.228478,28570.579834,-3.80481776935,0,0,10.9,26.0635375977,-2.98451302091,-0.688435427176,-0.921145994108
6.257049,28511.9494629,-3.80481776935,0,0,10.95,22.9522705078,-3.01941960595,-0.698131700798,-0.231633203197
6.28562,28570.579834,-3.80481776935,0,0,11,21.1837768555,-3.05432619099,-0.698131700798,0.140057285654
6.314191,28570.579834,-3.80481776935,0,0,11.05,22.7096557617,-3.08923277603,-0.688435427176,0.500974137147
6.342762,28511.9494629,-3.80481776935,0,0,11.1,24.5086669922,-3.12413936107,-0.659346606309,0.96424054354
6.371333,28570.579834,-3.80481776935,0,0,11.15,26.0635375977,-3.15904594611,-0.562383870087,0.818796439207
6.399904,28511.9494629,-3.80481776935,0,0,11.2,25.8193969727,-3.17649923863,-0.542991322843,0.0323209120739
6.428475,28570.579834,-3.80481776935,0,0,11.25,24.3255615234,-3.21140582367,-0.562383870087,-0.657191878837
6.457046,28511.9494629,-3.80481776935,0,0,11.3,23.1658935547,-3.22885911619,-0.649650332687,-0.603323692047
6.485617,28570.579834,-3.80481776935,0,0,11.35,23.1658935547,-3.28121899375,-0.659346606309,0.172378197728
6.514188,28511.9494629,-3.80481776935,0,0,11.4,23.2879638672,-3.29867228627,-0.591472690954,0.32320912074
6.542759,28511.9494629,-3.80481776935,0,0,11.45,24.3560791016,-3.33357887131,-0.630257785442,0.468653225072
6.57133,28511.9494629,-3.80481776935,0,0,11.5,24.3560791016,-3.36848545635,-0.552687596465,0.6410314228
6.599901,28511.9494629,-3.80481776935,0,0,11.55,24.1119384766,-3.38593874887,-0.53329504922,0.21547274716
6.628472,28570.579834,-3.80481776935,0,0,11.6,25.6362915039,-3.42084533391,-0.53329504922,-0.123896829617
6.657043,28511.9494629,-3.80481776935,0,0,11.65,29.6920776367,-3.43829862643,-0.552687596465,-0.226246384518
6.685614,28570.579834,-3.80481776935,0,0,11.7,29.9362182617,-3.47320521147,-0.610865238198,0.743380977701
6.714185,28570.579834,-3.80481776935,0,-0.0164976271295,11.75,28.2897949219,-3.50811179651,-0.504206228354,2.19243520235
6.742756,28511.9494629,-3.80481776935,0,-0.115483389907,11.8,26.9485473633,-3.52556508903,-0.349065850399,2.83885344383
6.771327,28570.579834,-3.80481776935,0,-0.560919322404,11.85,25.3921508789,-3.54301838155,-0.184229198822,2.6664752461
6.799898,28511.9494629,-3.80481776935,-0.0169687333698,-1.4517911874,11.9,24.9359130859,-3.54301838155,-0.048481368111,1.73455561464
6.828469,28629.2102051,-3.80481776935,-0.0678749334793,-2.49114169656,11.95,24.0509033203,-3.54301838155,-0.00969627362219,0.743380977701
6.85704,28511.9494629,-3.80481776935,-0.220593533808,-1.50128406879,12,22.7096557617,-3.54301838155,0,0.231633203197
6.885611,28687.8405762,-3.82227106187,-0.220593533808,1.50128406879,12.05,23.1353759766,-3.54301838155,0,0.043094549432
6.914182,28629.2102051,-3.82227106187,-0.0678749334793,2.49114169656,12.1,22.8012084961,-3.54301838155,0,0.005386818679
6.942753,28394.6887207,-3.82227106187,-0.0169687333698,1.4517911874,12.15,22.5570678711,-3.54301838155,0,0
6.971324,28453.3190918,-3.82227106187,0,0.560919322404,12.2,22.5570678711,-3.54301838155,0,0
6.999895,28453.3190918,-3.82227106187,0,0.115483389907,12.25,23.1964111328,-3.54301838155,0,0
7.028466,28511.9494629,-3.82227106187,0,0.0164976271295,12.3,25.0579833984,-3.54301838155,0,0
7.057037,28394.6887207,-3.82227106187,0,0,12.35,24.6917724609,-3.54301838155,0,0
7.085608,28629.2102051,-3.82227106187,0,0,12.4,23.4405517578,-3.54301838155,0,0
7.114179,28511.9494629,-3.82227106187,0,0,12.45,22.3739624023,-3.54301838155,0,0
7.14275,28511.9494629,-3.82227106187,0,0,12.5,22.3129272461,-3.54301838155,0,0
7.171321,28511.9494629,-3.82227106187,0,0,12.55,22.7096557617,-3.54301838155,0,0
7.199892,28453.3190918,-3.82227106187,0,0,12.6,23.5015869141,-3.54301838155,0,-0.00538681867899
7.228463,28570.579834,-3.82227106187,0,0,12.65,23.1658935547,-3.54301838155,0,-0.0484813681109
7.257034,28453.3190918,-3.82227106187,0,0,12.7,22.526550293,-3.54301838155,0,-0.263954115271
7.285605,28570.579834,-3.82227106187,0,0,12.75,22.8927612305,-3.54301838155,-0.00969627362219,-0.878051444676
7.314176,28453.3190918,-3.82227106187,0,0,12.8,22.9827880859,-3.54301838155,-0.0581776417331,-1.9500283618
7.342747,28511.9494629,-3.82227106187,0,0,12.85,22.8927612305,-3.54301838155,-0.213318019688,-2.63415433403
7.371318,28511.9494629,-3.82227106187,0,0,12.9,21.9772338867,-3.56047167407,-0.416939765754,-1.53524332351
7.399889,28453.3190918,-3.82227106187,0,0,12.95,21.7636108398,-3.59537825911,-0.426636039376,0.554842323936
7.42846,28570.579834,-3.82227106187,0,0,13,20.7565307617,-3.61283155163,-0.261799387799,0.813409620528
7.457031,28511.9494629,-3.82227106187,0,0,13.05,20.6970214844,-3.61283155163,-0.242406840555,-0.937306450145
7.485602,28570.579834,-3.82227106187,0,0,13.1,21.3668823242,-3.63028484415,-0.368458397643,-2.58567296592
7.514173,28511.9494629,-3.82227106187,0,-0.0494928813885,13.15,22.6486206055,-3.64773813667,-0.552687596465,-3.07048664703
7.542744,28511.9494629,-3.82227106187,0,-0.379445423979,13.2,24.3865966797,-3.68264472171,-0.766005616153,-1.70223470256
7.571315,28570.579834,-3.82227106187,0,-1.96321762841,13.25,26.0330200195,-3.73500459927,-0.775701889775,0.603323692048
7.599886,28394.6887207,-3.82227106187,-0.0509062001095,-5.87315525811,13.3,26.6738891602,-3.76991118431,-0.610865238198,1.26051557088
7.628457,28570.579834,-3.82227106187,-0.237562267178,-12.4392108557,13.35,26.9485473633,-3.78736447683,-0.572080143709,0.457879587715
7.657028,28570.579834,-3.82227106187,-0.848436668491,-15.788229163,13.4,28.9001464844,-3.82227106187,-0.62056151182,0.398624582246
7.685599,28394.6887207,-3.87463093943,-1.35749866959,-11.7298128891,13.45,32.1929931641,-3.85717764691,-0.552687596465,0.716446884306
7.71417,28453.3190918,-3.90953752447,-1.54415473666,-5.90615051237,13.5,32.5286865234,-3.87463093943,-0.523598775598,0.657191878837
7.742741,28511.9494629,-3.96189740203,-1.67990460361,-0.511426441015,13.55,32.8033447266,-3.90953752447,-0.494509954732,0.6410314228
7.771312,28629.2102051,-4.01425727959,-1.52718600329,2.70561084925,13.6,31.5231323242,-3.92699081699,-0.426636039376,0.0377077307531
7.799883,28746.4709473,-4.04916386463,-1.37446740296,0.857876610738,13.65,29.9667358398,-3.94444410951,-0.494509954732,-0.452492769035
7.828454,28980.9924316,-4.08407044967,-1.47627980318,-1.50128406879,13.7,28.9611816406,-3.97935069455,-0.513902501976,-0.166991379049
7.857025,29039.6228027,-4.13643032723,-1.52718600329,-1.91372474703,13.75,28.2592773438,-3.99680398707,-0.513902501976,0.220859565839
7.885596,29156.8835449,-4.17133691227,-1.57809220339,-2.1776867811,13.8,28.2592773438,-4.03171057211,-0.494509954732,0.721833702985
7.914167,29274.1442871,-4.22369678983,-1.69687333698,-1.23732203471,13.85,28.0456542969,-4.04916386463,-0.416939765754,0.883438263355
7.942738,29567.2961426,-4.27605666739,-1.61202967013,-1.53427932305,13.9,28.0151367188,-4.06661715715,-0.436332312999,1.53524332351
7.971309,29743.1872559,-4.31096325243,-1.67990460361,-4.56984271488,13.95,28.2592773438,-4.10152374219,-0.300584482288,2.68263570214
7.99988,29801.817627,-4.36332312999,-1.98534180427,-4.09141152812,14,27.83203125,-4.10152374219,-0.0872664625997,2.36481340008
8.028451,30036.3391113,-4.43313630007,-2.03624800438,0.148478644168,14.05,27.2842407227,-4.10152374219,-0.0193925472444,1.1797132907
8.057022,30094.9694824,-4.48549617763,-1.90049813742,2.50763932369,14.1,26.5518188477,-4.10152374219,0,0.409398219604
8.085593,30329.4909668,-4.53785605519,-1.83262320394,2.92008000192,14.15,26.1245727539,-4.10152374219,0,0.0808022801849
8.114164,30329.4909668,-4.59021593275,-1.76474827046,3.72846373127,14.2,25.0885009766,-4.10152374219,0,0.010773637358
8.142735,30446.751709,-4.6425758103,-1.59506093676,3.76145898553,14.25,24.5697021484,-4.10152374219,0,0
8.171306,30564.0124512,-4.67748239534,-1.52718600329,3.13454915461,14.3,24.8748779297,-4.10152374219,0,0
8.199877,30388.1213379,-4.7298422729,-1.45931106981,3.53049220572,14.35,24.3255615234,-4.10152374219,0,0
8.228448,30388.1213379,-4.76474885794,-1.28962373611,2.60662508646,14.4,24.6307373047,-4.10152374219,0,0
8.257019,30270.8605957,-4.79965544298,-1.25568626937,3.22524626523E-013,14.45,24.2950439453,-4.10152374219,0,0
8.28559,30329.4909668,-4.83456202802,-1.28962373611,-2.59012745933,14.5,24.1119384766,-4.10152374219,0,0
8.314161,30212.2302246,-4.86946861306,-1.45931106981,-3.39851118868,14.55,24.3865966797,-4.10152374219,0,0
8.342732,29977.7087402,-4.92182849062,-1.52718600328,-2.42515118804,14.6,24.1729736328,-4.10152374219,0,-0.005386818679
8.371303,29977.7087402,-4.95673507566,-1.57809220339,-1.50128406879,14.65,24.3560791016,-4.10152374219,0,-0.043094549432
8.399874,29508.6657715,-5.00909495322,-1.67990460361,1.43529356026,14.7,24.2950439453,-4.10152374219,0,-0.220859565839
8.428445,29450.0354004,-5.06145483078,-1.51021726992,4.43786169784,14.75,24.8443603516,-4.10152374219,-0.00969627362219,-0.662578697516
8.457016,29215.513916,-5.09636141582,-1.30659246948,3.48099932434,14.8,25.422668457,-4.10152374219,-0.048481368111,-1.33054421371
8.485587,29156.8835449,-5.13126800086,-1.25568626937,0.461933559634,14.85,25.910949707,-4.10152374219,-0.164836651577,-1.52985650483
8.514158,28980.9924316,-5.1661745859,-1.28962373611,-2.39215593378,14.9,26.4297485352,-4.11897703471,-0.261799387799,-0.700286428269
8.542729,28922.3620605,-5.20108117094,-1.45931106981,-2.93657762906,14.95,25.7278442383,-4.13643032723,-0.213318019688,-0.215472747159
8.5713,28746.4709473,-5.2534410485,-1.51021726992,-1.55077695018,15,25.8193969727,-4.13643032723,-0.22301429331,-0.759541433738
8.599871,28570.579834,-5.28834763354,-1.52718600329,-0.593914576659,15.05,25.6057739258,-4.15388361975,-0.31028075591,-1.0773637358
8.628442,28570.579834,-5.3407075111,-1.52718600328,-0.230966779812,15.1,26.155090332,-4.17133691227,-0.349065850399,-1.13661874127
8.657013,28453.3190918,-5.37561409614,-1.52718600328,-0.577416949536,15.15,26.643371582,-4.18879020479,-0.39754721851,-1.47060149937
8.685584,28453.3190918,-5.4279739737,-1.54415473665,-1.43529356027,15.2,25.0274658203,-4.20624349731,-0.513902501976,-1.34670466975
8.714155,28336.0583496,-5.46288055874,-1.59506093676,-2.34266305239,15.25,25.0274658203,-4.24115008235,-0.601168964576,-0.0430945494319
8.742726,28453.3190918,-5.5152404363,-1.74777953709,-0.659905085175,15.3,24.1424560547,-4.27605666739,-0.513902501976,1.12045828523
8.771297,28394.6887207,-5.56760031386,-1.73081080372,4.45435932498,15.35,22.5570678711,-4.29350995991,-0.407243492132,0.813409620528
8.799868,28511.9494629,-5.61996019142,-1.49324853655,9.84908339632,15.4,21.6415405273,-4.31096325243,-0.39754721851,-0.16160456037
8.828439,28746.4709473,-5.65486677646,-1.13690513578,13.7920162803,15.45,20.6970214844,-4.32841654495,-0.475117407487,-0.307048664703
8.85701,28805.1013184,-5.6897733615,-0.627843134684,14.4024284841,15.5,20.0561523438,-4.36332312999,-0.475117407487,0.350143214135
8.885581,28863.7316895,-5.6897733615,-0.169687333698,9.96456678623,15.55,19.5983886719,-4.38077642251,-0.39754721851,0.344756395456
8.914152,28863.7316895,-5.6897733615,-0.0339374667397,4.42136407071,15.6,20.4528808594,-4.39822971503,-0.39754721851,-0.344756395455
8.942723,28863.7316895,-5.6897733615,0,1.40229830601,15.65,21.5194702148,-4.41568300755,-0.475117407487,-0.344756395456
8.971294,28863.7316895,-5.6897733615,0,0.263962034072,15.7,24.1424560547,-4.45058959259,-0.475117407487,0.344756395455
8.999865,28805.1013184,-5.6897733615,0,0.0329952542591,15.75,26.5823364258,-4.46804288511,-0.39754721851,0.344756395456
9.028436,28863.7316895,-5.6897733615,0,0,15.8,28.564453125,-4.48549617763,-0.39754721851,-0.344756395456
9.057007,28746.4709473,-5.6897733615,0,0,15.85,28.1982421875,-4.50294947015,-0.475117407487,-0.350143214135
9.085578,28863.7316895,-5.6897733615,0,0,15.9,27.4353027344,-4.53785605519,-0.475117407487,0.307048664703
9.114149,28863.7316895,-5.6897733615,0,0,15.95,26.5213012695,-4.55530934771,-0.39754721851,0.16160456037
9.14272,28805.1013184,-5.6897733615,0,-0.0329952542591,16,24.6002197266,-4.57276264023,-0.407243492132,-0.808022801849
9.171291,28863.7316895,-5.6897733615,0,-0.296957288331,16.05,23.8677978516,-4.59021593275,-0.513902501976,-1.0773637358
9.199862,28805.1013184,-5.6897733615,0,-1.64976271295,16.1,23.5626220703,-4.62512251778,-0.601168964576,0.263954115271
9.228433,28922.3620605,-5.6897733615,-0.0339374667397,-5.6421884783,16.15,23.9288330078,-4.66002910282,-0.504206228354,2.00928336726
9.257004,28863.7316895,-5.6897733615,-0.203624800438,-13.2970874664,16.2,24.4171142578,-4.67748239534,-0.349065850399,2.80114571308
9.285575,28922.3620605,-5.6897733615,-0.780561735013,-20.1765979794,16.25,24.5086669922,-4.69493568786,-0.184229198822,2.66108842742
9.314146,28746.4709473,-5.72467994654,-1.6289984035,-17.3720013674,16.3,24.5391845703,-4.69493568786,-0.048481368111,1.73455561464
9.342717,29215.513916,-5.79449311662,-2.07018547112,-4.85030237608,16.35,24.9359130859,-4.69493568786,-0.00969627362219,0.743380977701
9.371288,29508.6657715,-5.8643062867,-1.81565447057,5.14725966441,16.4,24.3560791016,-4.69493568786,0,0.231633203197
9.399859,29625.9265137,-5.89921287174,-1.45931106981,5.13076203729,16.45,24.3255615234,-4.69493568786,0,0.043094549432
9.42843,29860.447998,-5.93411945678,-1.47627980318,2.4581464423,16.5,24.4476318359,-4.69493568786,0,0.005386818679
9.457001,29977.7087402,-5.98647933434,-1.44234233644,2.60662508646,16.55,24.3560791016,-4.69493568786,0,0
9.485572,30212.2302246,-6.02138591938,-1.28962373611,1.51778169591,16.6,24.7222900391,-4.69493568786,0,0
9.514143,30212.2302246,-6.05629250442,-1.27265500274,-1.99621288267,16.65,24.5086669922,-4.69493568786,0,0
9.542714,30388.1213379,-6.09119908946,-1.37446740296,-5.97214102088,16.7,24.5391845703,-4.69493568786,0,0
9.571285,30446.751709,-6.1261056745,-1.73081080372,-5.82366237672,16.75,24.6002197266,-4.69493568786,0,0
9.599856,30564.0124512,-6.19591884458,-1.90049813742,0.643407458046,16.8,24.7222900391,-4.69493568786,0,0
9.628427,30564.0124512,-6.24827872214,-1.6289984035,5.54320271552,16.85,24.6612548828,-4.69493568786,0,0
9.656998,30564.0124512,-6.28318530718,-1.47627980318,6.83001763163,16.9,24.2645263672,-4.69493568786,0,0
9.685569,30681.2731934,-6.33554518474,-1.22174880263,6.45057220765,16.95,24.2340087891,-4.69493568786,0,0
9.71414,30681.2731934,-6.35299847726,-1.01812400219,2.70561084924,17,24.2034912109,-4.69493568786,0,-0.00538681867899
9.742711,30564.0124512,-6.3879050623,-1.01812400219,-2.4581464423,17.05,24.2034912109,-4.69493568786,0,-0.0430945494319
9.771282,30564.0124512,-6.40535835482,-1.22174880263,-5.44421695275,17.1,25.0274658203,-4.69493568786,0,-0.226246384518
9.799853,30505.3820801,-6.45771823238,-1.44234233644,-4.48735457924,17.15,24.5697021484,-4.69493568786,-0.00969627362219,-0.700286428269
9.828424,30446.751709,-6.49262481742,-1.51021726992,-2.01271050981,17.2,24.5086669922,-4.69493568786,-0.0484813681109,-1.5136960488
9.856995,30212.2302246,-6.54498469498,-1.52718600329,-0.131981017031,17.25,23.5015869141,-4.69493568786,-0.174532925199,-2.00389654859
9.885566,30153.5998535,-6.57989128002,-1.51021726992,1.31981017037,17.3,23.7762451172,-4.71238898038,-0.300584482288,-1.5136960488
9.914137,29743.1872559,-6.63225115758,-1.45931106981,2.47464406943,17.35,24.2340087891,-4.7298422729,-0.339369576777,-0.700286428269
9.942708,29684.5568848,-6.66715774262,-1.30659246948,1.51778169592,17.4,25.0274658203,-4.74729556542,-0.349065850399,-0.226246384518
9.971279,29625.9265137,-6.70206432766,-1.30659246948,-1.36930305175,17.45,26.0025024414,-4.76474885794,-0.349065850399,-0.043094549432
9.99985,29332.7746582,-6.7369709127,-1.45931106981,-1.79824135712,17.5,27.131652832,-4.78220215046,-0.349065850399,-0.00538681867894
10.028421,29274.1442871,-6.78933079026,-1.49324853655,0.709397966569,17.55,29.0222167969,-4.79965544298,-0.349065850399,1.99624267733E-013
10.056992,29039.6228027,-6.8242373753,-1.44234233644,4.20689491802,17.6,29.997253418,-4.8171087355,-0.349065850399,7.25345709422E-014
10.085563,28863.7316895,-6.87659725286,-1.22174880263,6.73103186884,17.65,30.8822631836,-4.83456202802,-0.349065850399,-7.25345709422E-014
10.114134,28746.4709473,-6.89405054538,-0.984186535451,6.87951051301,17.7,31.217956543,-4.85201532054,-0.349065850399,-1.99624267733E-013
10.142705,28805.1013184,-6.92895713042,-0.848436668492,7.35794169977,17.75,31.7672729492,-4.86946861306,-0.349065850399,-5.92427341751E-014
10.171276,28687.8405762,-6.94641042294,-0.593905667944,8.39729220893,17.8,31.4926147461,-4.88692190558,-0.349065850399,0.00538681867906
10.199847,28570.579834,-6.96386371546,-0.322405934027,7.83637288652,17.85,27.5268554688,-4.9043751981,-0.349065850399,0.0377077307529
10.228418,28570.579834,-6.96386371546,-0.0848436668493,5.22974780006,17.9,26.7654418945,-4.92182849062,-0.349065850399,0.183151835086
10.256989,28511.9494629,-6.96386371546,-0.0169687333699,2.26017491675,17.95,26.7959594727,-4.93928178314,-0.339369576777,0.474040043752
10.28556,28570.579834,-6.96386371546,0,0.70939796657,18,26.399230957,-4.95673507566,-0.31028075591,0.818796439207
10.314131,28511.9494629,-6.96386371546,0,0.131981017036,18.05,25.8193969727,-4.97418836818,-0.22301429331,0.53329504922
10.342702,28511.9494629,-6.96386371546,0,0.0164976271296,18.1,25.2700805664,-4.97418836818,-0.22301429331,-0.263954115271
10.371273,28511.9494629,-6.96386371546,0,0,18.15,24.1729736328,-4.9916416607,-0.300584482288,-0.113123192259
10.399844,28453.3190918,-6.96386371546,0,0,18.2,23.7152099609,-5.00909495322,-0.290888208666,1.03965600505
10.428415,28511.9494629,-6.96386371546,0,0,18.25,24.7528076172,-5.02654824574,-0.174532925199,1.8207447135
10.456986,28453.3190918,-6.96386371546,0,0,18.3,23.9898681641,-5.02654824574,-0.048481368111,1.47598831804
10.485557,28570.579834,-6.96386371546,0,0,18.35,23.9593505859,-5.02654824574,-0.00969627362219,0.69489960959
10.514128,28511.9494629,-6.96386371546,0,0,18.4,24.5086669922,-5.02654824574,0,0.226246384518
10.542699,28511.9494629,-6.96386371546,0,0,18.45,25.2395629883,-5.02654824574,0,0.043094549432
10.57127,28511.9494629,-6.96386371546,0,0,18.5,26.2466430664,-5.02654824574,0,0.005386818679
10.599841,28453.3190918,-6.96386371546,0,0,18.55,26.0940551758,-5.02654824574,0,0
10.628412,28511.9494629,-6.96386371546,0,0,18.6,25.8804321289,-5.02654824574,0,0
10.656983,28453.3190918,-6.96386371546,0,0,18.65,25.7888793945,-5.02654824574,0,0
10.685554,28511.9494629,-6.96386371546,0,0,18.7,26.1856079102,-5.02654824574,0,0
10.714125,28453.3190918,-6.96386371546,0,0,18.75,25.8499145508,-5.02654824574,0,0
10.742696,28453.3190918,-6.96386371546,0,0,18.8,25.8499145508,-5.02654824574,0,0
10.771267,28511.9494629,-6.96386371546,0,0,18.85,26.0025024414,-5.02654824574,0,0
10.799838,28453.3190918,-6.96386371546,0,0,18.9,25.9414672852,-5.02654824574,0,0
10.828409,28570.579834,-6.96386371546,0,0,18.95,26.399230957,-5.02654824574,0,0
10.85698,28511.9494629,-6.96386371546,0,0,19,26.0940551758,-5.02654824574,0,-0.005386818679
10.885551,28687.8405762,-6.96386371546,0,0,19.05,26.1245727539,-5.02654824574,0,-0.043094549432
10.914122,28570.579834,-6.96386371546,0,0,19.1,25.6057739258,-5.02654824574,0,-0.226246384518
10.942693,28570.579834,-6.96386371546,0,0,19.15,25.7583618164,-5.02654824574,-0.00969627362219,-0.700286428269
10.971264,28687.8405762,-6.96386371546,0,0,19.2,25.422668457,-5.02654824574,-0.048481368111,-1.51908286748
10.999835,28511.9494629,-6.96386371546,0,0,19.25,23.5931396484,-5.02654824574,-0.174532925199,-2.04160427934
11.028406,28511.9494629,-6.96386371546,0,0,19.3,24.3865966797,-5.04400153826,-0.300584482288,-1.70223470256
11.056977,28336.0583496,-6.96386371546,0,0,19.35,25.3311157227,-5.06145483078,-0.349065850399,-1.21203420277
11.085548,28453.3190918,-6.96386371546,0,0,19.4,27.7709960938,-5.0789081233,-0.387850944888,-1.22819465881
11.114119,28394.6887207,-6.96386371546,0,0,19.45,27.83203125,-5.09636141582,-0.48481368111,-1.0504296424
11.14269,28453.3190918,-6.96386371546,0,0,19.5,27.7709960938,-5.13126800086,-0.513902501976,-0.549455505257
11.171261,28394.6887207,-6.96386371546,0,0,19.55,26.3687133789,-5.14872129338,-0.523598775598,-0.333982758098
11.199832,28453.3190918,-6.96386371546,0,-0.032995254259,19.6,22.2518920898,-5.18362787842,-0.53329504922,-0.328595939419
11.228403,28453.3190918,-6.96386371546,0,-0.280459661202,19.65,20.3918457031,-5.20108117094,-0.552687596465,-0.350143214135
11.256974,28336.0583496,-6.96386371546,0,-1.50128406879,19.7,19.9951171875,-5.23598775598,-0.610865238198,0.285501389987
11.285545,28687.8405762,-6.96386371546,-0.0339374667396,-4.85030237608,19.75,20.7565307617,-5.27089434102,-0.523598775598,0.791862345812
11.314116,28687.8405762,-6.96386371546,-0.186656067068,-10.7234576342,19.8,20.4528808594,-5.28834763354,-0.446028586621,-0.183151835086
11.342687,28629.2102051,-6.96386371546,-0.678749334793,-14.7488786538,19.85,21.2142944336,-5.30580092606,-0.53329504922,-1.29822330164
11.371258,28570.579834,-6.9987703005,-1.27265500274,-10.6409694986,19.9,23.0438232422,-5.3407075111,-0.649650332687,-1.06120327976
11.399829,28570.579834,-7.05113017806,-1.4084048697,-2.12819389971,19.95,23.5626220703,-5.37561409614,-0.678739153553,0.0861890988639
11.4284,28570.579834,-7.0860367631,-1.27265500274,3.00256813757,20,25.8804321289,-5.41052068118,-0.649650332687,1.51908286748
11.456971,28511.9494629,-7.12094334814,-1.15387386915,4.55334508775,20.05,26.7044067383,-5.44542726622,-0.513902501976,2.66108842742
11.485542,28570.579834,-7.15584993318,-0.950249068711,2.93657762906,20.1,27.375793457,-5.46288055874,-0.349065850399,3.02200527892
11.514113,28511.9494629,-7.1733032257,-0.848436668492,-3.06855864609,20.15,26.7959594727,-5.48033385126,-0.184229198822,2.70418297686
11.542684,28570.579834,-7.19075651822,-1.17084260252,-7.62190373384,20.2,27.0095825195,-5.48033385126,-0.048481368111,1.73994243332
11.571255,28629.2102051,-7.24311639578,-1.44234233644,-7.07748203856,20.25,27.0095825195,-5.48033385126,-0.00969627362219,0.743380977701
11.599826,28687.8405762,-7.27802298082,-1.57809220339,-5.65868610543,20.3,26.4297485352,-5.48033385126,0,0.231633203197
11.628397,28863.7316895,-7.33038285838,-1.76474827046,-3.84394712118,20.35,26.3076782227,-5.48033385126,0,0.043094549432
11.656968,28980.9924316,-7.38274273594,-1.81565447057,-1.58377220443,20.4,26.399230957,-5.48033385126,0,0.005386818679
11.685539,29156.8835449,-7.4351026135,-1.83262320394,0.0824881356475,20.45,26.2771606445,-5.48033385126,0,0
11.71411,29332.7746582,-7.48746249106,-1.81565447057,1.91372474702,20.5,26.3381958008,-5.48033385126,0,0
11.742681,29508.6657715,-7.53982236862,-1.74777953709,4.04191864673,20.55,26.399230957,-5.48033385126,0,0
11.771252,29684.5568848,-7.59218224618,-1.54415473665,4.56984271488,20.6,26.3076782227,-5.48033385126,0,-0.005386818679
11.799823,29743.1872559,-7.62708883122,-1.37446740296,1.58377220444,20.65,26.3381958008,-5.48033385126,0,-0.048481368111
11.828394,29977.7087402,-7.66199541626,-1.47627980318,-0.824881356473,20.7,26.5518188477,-5.48033385126,0,-0.263954115271
11.856965,30036.3391113,-7.71435529381,-1.51021726992,-0.412440678237,20.75,26.7959594727,-5.48033385126,-0.00969627362219,-0.883438263355
11.885536,30212.2302246,-7.74926187885,-1.51021726992,0.560919322401,20.8,27.7404785156,-5.48033385126,-0.0581776417331,-1.99312291123
11.914107,30270.8605957,-7.80162175641,-1.47627980318,1.51778169591,20.85,28.5339355469,-5.48033385126,-0.213318019688,-2.85501389987
11.942678,30329.4909668,-7.83652834145,-1.35749866959,0.560919322395,20.9,26.9790649414,-5.49778714378,-0.426636039376,-2.19243520235
11.971249,30388.1213379,-7.87143492649,-1.45931106981,0.0659905085149,20.95,24.9664306641,-5.53269372882,-0.475117407487,-0.727220521664
11.99982,30329.4909668,-7.92379480405,-1.44234233644,2.0622033912,21,24.6002197266,-5.55014702134,-0.426636039376,-0.447105950357
12.028391,30388.1213379,-7.95870138909,-1.28962373611,2.49114169657,21.05,25.8804321289,-5.56760031386,-0.494509954732,-0.721833702985
12.056962,30270.8605957,-7.99360797413,-1.238717536,0.890871865001,21.1,26.0025024414,-5.6025068989,-0.523598775598,-0.657191878837
12.085533,30270.8605957,-8.02851455917,-1.238717536,-1.00635525491,21.15,23.9593505859,-5.61996019142,-0.552687596465,-0.6410314228
12.114104,30094.9694824,-8.06342114421,-1.28962373611,-2.93657762907,21.2,22.0993041992,-5.65486677646,-0.62056151182,-0.0377077307528
12.142675,30036.3391113,-8.09832772925,-1.45931106981,-2.93657762906,21.25,20.6970214844,-5.6897733615,-0.552687596465,0.447105950357
12.171246,29919.0783691,-8.15068760681,-1.51021726992,-0.973360000637,21.3,21.1227416992,-5.70722665402,-0.53329504922,0.134670466975
12.199817,29743.1872559,-8.18559419185,-1.51021726992,1.10534101768,21.35,21.8856811523,-5.74213323906,-0.53329504922,-0.366303670172
12.228388,29567.2961426,-8.23795406941,-1.45931106981,3.51399457859,21.4,22.4655151367,-5.75958653158,-0.562383870087,-1.00733509297
12.256959,29391.4050293,-8.27286065445,-1.27265500274,4.48735457923,21.45,23.1658935547,-5.79449311662,-0.659346606309,-1.17432647202
12.28553,29332.7746582,-8.30776723949,-1.17084260252,3.94293288396,21.5,22.4349975586,-5.82939970166,-0.698131700798,-0.937306450145
12.314101,29039.6228027,-8.34267382453,-1.00115526882,1.51778169592,21.55,22.5570678711,-5.8643062867,-0.736916795287,-0.732607340343
12.342672,28863.7316895,-8.36012711705,-1.01812400219,-2.83759186628,21.6,27.8015136719,-5.89921287174,-0.814486984264,0.398624582246
12.371243,28805.1013184,-8.39503370209,-1.22174880263,-4.96578576599,21.65,30.8212280273,-5.9515727493,-0.766005616153,2.69879615818
12.399814,28629.2102051,-8.42994028713,-1.42537360307,-2.95307525619,21.7,29.541015625,-5.98647933434,-0.513902501976,4.33100221791
12.428385,28511.9494629,-8.48230016469,-1.44234233644,0.956862373509,21.75,27.0095825195,-6.00393262686,-0.232710566933,3.99163264114
12.456956,28394.6887207,-8.51720674973,-1.28962373611,2.49114169655,21.8,25.910949707,-6.00393262686,-0.0581776417331,2.39713431215
12.485527,28336.0583496,-8.55211333477,-1.238717536,1.99621288267,21.85,24.8748779297,-6.00393262686,-0.00969627362219,0.96424054354
12.514098,28160.1672363,-8.58701991981,-1.20478006926,2.0127105098,21.9,23.9898681641,-6.00393262686,0,0.274727752629
12.542669,28160.1672363,-8.62192650485,-1.15387386915,2.6231227136,21.95,23.9593505859,-6.00393262686,0,0.048481368111
12.57124,28101.5368652,-8.65683308989,-1.00115526882,1.66626034008,22,23.7152099609,-6.00393262686,0,0.005386818679
12.599811,27984.276123,-8.67428638241,-1.00115526882,-0.676402712314,22.05,23.8983154297,-6.00393262686,0,0
12.628382,28042.9064941,-8.70919296745,-1.13690513578,0.329952542584,22.1,23.7762451172,-6.00393262686,0,0
12.656953,28101.5368652,-8.74409955249,-1.10296766904,5.21325017292,22.15,23.9593505859,-6.00393262686,0,0
12.685524,28160.1672363,-8.77900613753,-0.831467935122,9.65111187077,22.2,24.1424560547,-6.00393262686,0,0
12.714095,28101.5368652,-8.79645943005,-0.407249600876,9.20567593828,22.25,24.0509033203,-6.00393262686,0,-0.00538681867899
12.742666,28160.1672363,-8.79645943005,-0.169687333698,4.27288542656,22.3,24.2034912109,-6.00393262686,0,-0.0484813681109
12.771237,28160.1672363,-8.79645943005,-0.237562267177,1.3363077975,22.35,24.2645263672,-6.00393262686,0,-0.263954115271
12.799808,27984.276123,-8.81391272257,-0.220593533808,2.32616542526,22.4,24.9359130859,-6.00393262686,-0.00969627362219,-0.883438263355
12.828379,28160.1672363,-8.81391272257,-0.0678749334792,2.63962034072,22.45,26.6128540039,-6.00393262686,-0.0581776417331,-1.98773609255
12.85695,28160.1672363,-8.81391272257,-0.0169687333698,1.46828881453,22.5,26.3687133789,-6.00393262686,-0.213318019688,-2.81191935044
12.885521,28218.7976074,-8.81391272257,0,0.560919322403,22.55,25.2395629883,-6.02138591938,-0.426636039376,-1.96618881783
12.914092,28160.1672363,-8.81391272257,0,0.115483389906,22.6,23.0438232422,-6.05629250442,-0.465421133865,-0.0269340933949
12.942663,28218.7976074,-8.81391272257,0,0.0164976271295,22.65,23.0438232422,-6.07374579694,-0.378154671265,1.05581646108
12.971234,28160.1672363,-8.81391272257,0,0,22.7,22.7401733398,-6.09119908946,-0.319977029532,1.20664738409
12.999805,28160.1672363,-8.81391272257,0,0,22.75,21.6415405273,-6.10865238198,-0.22301429331,0.484813681109
13.028376,28218.7976074,-8.81391272257,0,0,22.8,21.305847168,-6.10865238198,-0.232710566933,-0.926532812787
13.056947,28160.1672363,-8.81391272257,0,0,22.85,21.8856811523,-6.1261056745,-0.349065850399,-1.62143242238
13.085518,28218.7976074,-8.81391272257,0,0,22.9,22.7401733398,-6.14355896702,-0.465421133865,-0.96424054354
13.114089,28101.5368652,-8.81391272257,0,0,22.95,23.2879638672,-6.17846555206,-0.475117407487,0.307048664703
13.14266,28218.7976074,-8.81391272257,0,0,23,24.4171142578,-6.19591884458,-0.387850944888,0.781088708454
13.171231,28160.1672363,-8.81391272257,0,0,23.05,24.2950439453,-6.2133721371,-0.358762124021,0.511747774504
13.199802,28160.1672363,-8.81391272257,0,0,23.1,24.4476318359,-6.23082542962,-0.349065850399,0.404011400925
13.228373,28218.7976074,-8.81391272257,0,0,23.15,26.3076782227,-6.24827872214,-0.339369576777,0.689512790911
13.256944,28160.1672363,-8.81391272257,0,0,23.2,26.1245727539,-6.26573201466,-0.300584482288,1.25512875221
13.285515,28218.7976074,-8.81391272257,0,0,23.25,26.887512207,-6.28318530718,-0.184229198822,1.12045828523
13.314086,28160.1672363,-8.81391272257,0,0,23.3,27.1621704102,-6.28318530718,-0.106659009844,-0.474040043752
13.342657,28218.7976074,-8.81391272257,0,0,23.35,27.4047851563,-6.28318530718,-0.22301429331,-2.11701974084
13.371228,28218.7976074,-8.81391272257,0,0,23.4,27.2842407227,-6.3006385997,-0.426636039376,-1.78303698275
13.399799,28160.1672363,-8.81391272257,0,0,23.45,27.2537231445,-6.33554518474,-0.465421133865,-0.204699109802
13.42837,28218.7976074,-8.81391272257,0,0,23.5,26.3381958008,-6.35299847726,-0.387850944888,0.404011400925
13.456941,28160.1672363,-8.81391272257,0,0,23.55,26.1245727539,-6.37045176978,-0.368458397643,-0.0754154615061
13.485512,28218.7976074,-8.81391272257,0,0,23.6,27.0095825195,-6.3879050623,-0.387850944888,-0.775701889775
13.514083,28160.1672363,-8.81391272257,0,0,23.65,28.3508300781,-6.40535835482,-0.48481368111,-0.700286428269
13.542654,28218.7976074,-8.81391272257,0,0,23.7,30.485534668,-6.44026493986,-0.504206228354,0.382464126209
13.571225,28218.7976074,-8.81391272257,0,0,23.75,32.8948974609,-6.45771823238,-0.465421133865,1.83690516954
13.599796,28160.1672363,-8.81391272257,0,0,23.8,33.9324951172,-6.49262481742,-0.31028075591,2.96813709213
13.628367,28218.7976074,-8.81391272257,0,0,23.85,33.3221435547,-6.49262481742,-0.0872664625997,2.51025750441
13.656938,28160.1672363,-8.81391272257,0,0,23.9,33.5052490234,-6.49262481742,-0.0193925472444,1.21203420277
13.685509,28160.1672363,-8.81391272257,0,0,23.95,33.6578369141,-6.49262481742,0,0.414785038283
13.71408,28101.5368652,-8.81391272257,0,0,24,32.3760986328,-6.49262481742,0,0.0808022801849
13.742651,28160.1672363,-8.81391272257,0,0,24.05,31.6757202148,-6.49262481742,0,0.010773637358
13.771222,28101.5368652,-8.81391272257,0,0,24.1,32.0404052734,-6.49262481742,0,0
13.799793,28042.9064941,-8.81391272257,0,-0.0164976271295,24.15,30.729675293,-6.49262481742,0,0
13.828364,28218.7976074,-8.81391272257,0,-0.164976271295,24.2,32.2235107422,-6.49262481742,0,0
13.856935,28160.1672363,-8.81391272257,0,-0.940364746382,24.25,31.462097168,-6.49262481742,0,0
13.885506,28277.4279785,-8.81391272257,-0.0169687333698,-3.38201356155,24.3,32.1014404297,-6.49262481742,0,0
13.914077,28277.4279785,-8.81391272257,-0.118781133589,-8.11683254773,24.35,32.2845458984,-6.49262481742,0,0
13.942648,28277.4279785,-8.81391272257,-0.458155800985,-12.7031728897,24.4,32.2235107422,-6.49262481742,0,-0.010773637358
13.971219,28453.3190918,-8.83136601509,-1.03509273556,-10.8389410241,24.45,32.3455810547,-6.49262481742,0,-0.0861890988639
13.99979,28394.6887207,-8.88372589265,-1.27265500274,-2.90358237479,24.5,32.5897216797,-6.49262481742,0,-0.447105950357
14.028361,28629.2102051,-8.91863247769,-1.05206146893,0.577416949538,24.55,33.1085205078,-6.49262481742,-0.0193925472444,-1.35747830711
14.056932,28687.8405762,-8.93608577021,-1.03509273556,-2.44164881517,24.6,33.2916259766,-6.49262481742,-0.0969627362219,-2.80114571308
14.085503,28805.1013184,-8.97099235525,-1.22174880263,-5.14725966441,24.65,32.8338623047,-6.49262481742,-0.339369576777,-3.31289348758
14.114074,28922.3620605,-9.00589894029,-1.44234233644,-4.42136407072,24.7,34.9075317383,-6.52753140246,-0.552687596465,-1.55140377955
14.142645,29098.2531738,-9.05825881785,-1.51021726992,-2.11169627259,24.75,34.9685668945,-6.5624379875,-0.504206228354,0.414785038282
14.171216,29332.7746582,-9.09316540289,-1.52718600329,-0.709397966574,24.8,35.4873657227,-6.57989128002,-0.407243492132,0.549455505257
14.199787,29450.0354004,-9.14552528045,-1.52718600329,-0.230966779808,24.85,34.8770141602,-6.59734457254,-0.39754721851,-0.382464126209
14.228358,29684.5568848,-9.18043186549,-1.52718600329,-0.478431186749,24.9,31.3705444336,-6.61479786506,-0.48481368111,-0.74876779638
14.256929,29801.817627,-9.23279174305,-1.54415473665,-1.0063552549,24.95,28.6254882813,-6.6497044501,-0.513902501976,-0.280114571308
14.2855,29977.7087402,-9.26769832809,-1.57809220339,-1.60026983156,25,25.910949707,-6.66715774262,-0.513902501976,0.328595939419
14.314071,30036.3391113,-9.32005820565,-1.69687333698,-0.461933559627,25.05,23.3795166016,-6.70206432766,-0.48481368111,0.958853724861
14.342642,30270.8605957,-9.37241808321,-1.59506093676,0.494928813886,25.1,22.9827880859,-6.71951762018,-0.387850944888,0.958853724861
14.371213,30446.751709,-9.40732466825,-1.59506093676,-0.626909830924,25.15,23.8983154297,-6.7369709127,-0.358762124021,0.328595939419
14.399784,30212.2302246,-9.45968454581,-1.69687333698,-0.11548338991,25.2,24.8138427734,-6.75442420522,-0.358762124021,-0.285501389987
14.428355,30329.4909668,-9.51204442337,-1.59506093676,0.0494928813852,25.25,25.6362915039,-6.77187749774,-0.387850944888,-0.775701889775
14.456926,30270.8605957,-9.54695100841,-1.61202967013,-1.94672000128,25.3,25.4837036133,-6.78933079026,-0.475117407487,-0.490200499789
14.485497,30270.8605957,-9.59931088597,-1.76474827046,-2.04570576406,25.35,25.5142211914,-6.8242373753,-0.475117407487,0.452492769035
14.514068,30153.5998535,-9.65167076353,-1.7986857372,-0.0329952542587,25.4,25.8499145508,-6.84169066782,-0.387850944888,0.624870966763
14.542639,30094.9694824,-9.70403064109,-1.76474827046,1.81473898424,25.45,25.910949707,-6.85914396034,-0.368458397643,-0.0430945494318
14.57121,29919.0783691,-9.75639051865,-1.61202967013,0.82488135648,25.5,25.910949707,-6.87659725286,-0.387850944888,-0.845730532602
14.599781,29801.817627,-9.79129710369,-1.6289984035,-2.96957288331,25.55,24.6612548828,-6.89405054538,-0.48481368111,-1.06659009844
14.628352,29625.9265137,-9.84365698125,-1.83262320394,-4.98228339311,25.6,23.8983154297,-6.92895713042,-0.523598775598,-0.565615961294
14.656923,29391.4050293,-9.89601685881,-2.03624800438,-2.95307525619,25.65,23.6541748047,-6.94641042294,-0.542991322843,0.210085928481
14.685494,29215.513916,-9.96583002889,-2.05321673775,0.956862373506,25.7,22.6181030273,-6.98131700798,-0.562383870087,1.98773609255
14.714065,28863.7316895,-10.0181899064,-1.90049813742,2.50763932368,25.75,22.9522705078,-7.01622359302,-0.339369576777,3.49065850399
14.742636,28805.1013184,-10.070549784,-1.84959193731,2.11169627258,25.8,23.2879638672,-7.01622359302,-0.0969627362219,2.83885344383
14.771207,28687.8405762,-10.1229096616,-1.81565447057,2.59012745934,25.85,23.6846923828,-7.01622359302,-0.0193925472444,1.36286512579
14.799778,28453.3190918,-10.1752695391,-1.74777953709,4.17389966377,25.9,23.7762451172,-7.01622359302,0,0.447105950357
14.828349,28511.9494629,-10.2276294167,-1.54415473665,4.56984271488,25.95,23.3184814453,-7.01622359302,0,0.0861890988639
14.85692,28394.6887207,-10.2625360017,-1.37446740296,1.46828881453,26,23.4100341797,-7.01622359302,0,0.010773637358
14.885491,28453.3190918,-10.2974425868,-1.47627980318,-1.36930305175,26.05,23.5931396484,-7.01622359302,0,0
14.914062,28277.4279785,-10.3498024643,-1.52718600328,-1.76524610286,26.1,23.4710693359,-7.01622359302,0,0
14.942633,28453.3190918,-10.3847090494,-1.57809220339,-1.46828881453,26.15,23.5015869141,-7.01622359302,0,0
14.971204,28511.9494629,-10.4370689269,-1.67990460361,1.02285288202,26.2,23.2269287109,-7.01622359302,0,0
14.999775,28687.8405762,-10.4894288045,-1.52718600329,3.67897084989,26.25,23.2879638672,-7.01622359302,0,0
15.028346,28980.9924316,-10.5243353895,-1.35749866959,3.15104678175,26.3,23.5015869141,-7.01622359302,0,0
15.056917,28980.9924316,-10.5592419746,-1.39143613633,3.71196610415,26.35,23.4100341797,-7.01622359302,0,0
15.085488,29156.8835449,-10.6116018521,-1.20478006926,5.84016000385,26.4,23.3489990234,-7.01622359302,0,0
15.114059,29274.1442871,-10.6290551446,-0.98418653545,5.88965288523,26.45,23.3184814453,-7.01622359302,0,0
15.14263,29391.4050293,-10.6639617297,-0.865405401862,5.80716474959,26.5,23.4710693359,-7.01622359302,0,-0.005386818679
15.171201,29332.7746582,-10.6814150222,-0.661780601424,5.88965288524,26.55,23.3795166016,-7.01622359302,0,-0.037707730753
15.199772,29274.1442871,-10.6988683147,-0.542999467835,6.33508881774,26.6,23.2574462891,-7.01622359302,0,-0.188538653765
15.228343,29391.4050293,-10.7163216072,-0.305437200657,6.73103186885,26.65,23.2269287109,-7.01622359302,-0.00969627362219,-0.522521411863
15.256914,29332.7746582,-10.7163216072,-0.0848436668493,4.75131661331,26.7,23.5015869141,-7.01622359302,-0.0387850944888,-1.07197691712
15.285485,29332.7746582,-10.7163216072,-0.0169687333699,2.16118915397,26.75,23.3184814453,-7.01622359302,-0.135747830711,-1.33593103239
15.314056,29274.1442871,-10.7163216072,0,0.692900339441,26.8,23.2574462891,-7.03367688554,-0.184229198822,-1.31977057635
15.342627,29332.7746582,-10.7163216072,0,0.131981017036,26.85,23.1964111328,-7.03367688554,-0.242406840555,-1.56756423559
15.371198,29332.7746582,-10.7163216072,0,0.0164976271296,26.9,22.770690918,-7.05113017806,-0.39754721851,-0.904985538071
15.399769,29098.2531738,-10.7163216072,0,0,26.95,21.5805053711,-7.0860367631,-0.349065850399,-0.048481368111
15.42834,29215.513916,-10.7163216072,0,0,27,21.4584350586,-7.0860367631,-0.300584482288,-0.867277807318
15.456911,29274.1442871,-10.7163216072,0,0,27.05,20.7565307617,-7.10349005562,-0.455724860243,-1.3844124005
15.485482,29332.7746582,-10.7163216072,0,0,27.1,21.1227416992,-7.13839664066,-0.504206228354,-0.845730532602
15.514053,29274.1442871,-10.7163216072,0,0,27.15,22.1603393555,-7.15584993318,-0.523598775598,-0.517134593183
15.542624,29391.4050293,-10.7163216072,0,0,27.2,23.9898681641,-7.19075651822,-0.53329504922,-0.538681867899
15.571195,29391.4050293,-10.7163216072,0,0,27.25,23.8677978516,-7.20820981074,-0.562383870087,-0.791862345812
15.599766,29332.7746582,-10.7163216072,0,0,27.3,25.5447387695,-7.24311639578,-0.649650332687,-0.339369576777
15.628337,29391.4050293,-10.7163216072,0,0,27.35,25.9719848633,-7.27802298082,-0.639954059065,0.818796439207
15.656908,29391.4050293,-10.7163216072,0,0,27.4,26.2161254883,-7.31292956586,-0.53329504922,1.33593103239
15.685479,29391.4050293,-10.7163216072,0,0,27.45,28.7475585938,-7.33038285838,-0.436332312999,0.624870966763
15.71405,29332.7746582,-10.7163216072,0,0,27.5,28.7780761719,-7.3478361509,-0.48481368111,0.021547274716
15.742621,29391.4050293,-10.7163216072,0,0,27.55,29.2053222656,-7.38274273594,-0.48481368111,0.237020021876
15.771192,29450.0354004,-10.7163216072,0,0,27.6,27.587890625,-7.40019602846,-0.426636039376,0.005386818679
15.799763,29391.4050293,-10.7163216072,0,0,27.65,26.2771606445,-7.41764932098,-0.48481368111,-0.193925472444
15.828334,29450.0354004,-10.7163216072,0,0,27.7,24.8138427734,-7.45255590602,-0.48481368111,0.199312291123
15.856905,29332.7746582,-10.7163216072,0,0,27.75,24.5086669922,-7.47000919854,-0.426636039376,0.0377077307529
15.885476,29450.0354004,-10.7163216072,0,0,27.8,23.8677978516,-7.48746249106,-0.48481368111,-0.0161604560371
15.914047,29391.4050293,-10.7163216072,0,0,27.85,22.4044799805,-7.5223690761,-0.475117407487,0.635644604121
15.942618,29450.0354004,-10.7163216072,0,0,27.9,22.0687866211,-7.53982236862,-0.387850944888,0.667965516195
15.971189,29391.4050293,-10.7163216072,0,0,27.95,19.7814941406,-7.55727566114,-0.368458397643,1.8645578908E-013
15.99976,29391.4050293,-10.7163216072,0,0,28,19.2016601563,-7.57472895366,-0.387850944888,-0.667965516195
16.028331,29450.0354004,-10.7163216072,0,0,28.05,18.9270019531,-7.59218224618,-0.475117407487,-0.635644604122
16.056902,29332.7746582,-10.7163216072,0,0,28.1,19.0795898438,-7.62708883122,-0.48481368111,0.0215472747158
16.085473,29508.6657715,-10.7163216072,0,0,28.15,21.4889526367,-7.64454212374,-0.426636039376,0.005386818679
16.114044,29332.7746582,-10.7163216072,0,0,28.2,23.2269287109,-7.66199541626,-0.48481368111,0.0215472747162
16.142615,29450.0354004,-10.7163216072,0,0,28.25,24.3255615234,-7.69690200129,-0.475117407487,0.85650416996
16.171186,29450.0354004,-10.7163216072,0,0,28.3,23.9288330078,-7.71435529381,-0.378154671265,1.32515739503
16.199757,29450.0354004,-10.7163216072,0,0,28.35,23.4405517578,-7.73180858633,-0.319977029532,1.29283648296
16.228328,29450.0354004,-10.7163216072,0,0,28.4,23.5626220703,-7.74926187885,-0.22301429331,0.673352334874
16.256899,29391.4050293,-10.7163216072,0,0,28.45,23.4710693359,-7.74926187885,-0.22301429331,-0.452492769036
16.28547,29450.0354004,-10.7163216072,0,0,28.5,23.2574462891,-7.76671517137,-0.31028075591,-0.808022801849
16.314041,29391.4050293,-10.7163216072,0,0,28.55,22.6791381836,-7.78416846389,-0.339369576777,-0.479426862431
16.342612,29391.4050293,-10.7163216072,0,0,28.6,22.8012084961,-7.80162175641,-0.349065850399,-0.220859565839
16.371183,29391.4050293,-10.7163216072,0,0,28.65,23.4100341797,-7.81907504893,-0.349065850399,-0.226246384518
16.399754,29391.4050293,-10.7163216072,0,0,28.7,23.1964111328,-7.83652834145,-0.358762124021,-0.517134593184
16.428325,29450.0354004,-10.7163216072,0,0,28.75,22.7401733398,-7.85398163397,-0.387850944888,-0.991174636935
16.456896,29391.4050293,-10.7163216072,0,0,28.8,22.8927612305,-7.87143492649,-0.48481368111,-0.921145994108
16.485467,29450.0354004,-10.7163216072,0,0,28.85,24.0814208984,-7.90634151153,-0.513902501976,-0.0969627362219
16.514038,29391.4050293,-10.7163216072,0,0,28.9,26.1856079102,-7.92379480405,-0.504206228354,1.02349554901
16.542609,29450.0354004,-10.7163216072,0,0,28.95,27.8930664063,-7.95870138909,-0.436332312999,2.47793659234
16.57118,29391.4050293,-10.7163216072,0,0,29,29.1442871094,-7.97615468161,-0.213318019688,3.0004580042
16.599751,29391.4050293,-10.7163216072,0,0,29.05,29.6020507813,-7.97615468161,-0.0581776417331,2.0254438233
16.628322,29391.4050293,-10.7163216072,0,0,29.1,29.5715332031,-7.97615468161,-0.00969627362219,0.888825082034
16.656893,29391.4050293,-10.7163216072,0,0,29.15,29.3579101563,-7.97615468161,0,0.263954115271
16.685464,29450.0354004,-10.7163216072,0,0,29.2,29.1137695313,-7.97615468161,0,0.0484813681109
16.714035,29391.4050293,-10.7163216072,0,0,29.25,28.7780761719,-7.97615468161,0,0.00538681867899
16.742606,29450.0354004,-10.7163216072,0,0,29.3,28.6254882813,-7.97615468161,0,0
16.771177,29450.0354004,-10.7163216072,0,0,29.35,27.83203125,-7.97615468161,0,0
16.799748,29332.7746582,-10.7163216072,0,0,29.4,28.3508300781,-7.97615468161,0,0
16.828319,29508.6657715,-10.7163216072,0,0,29.45,28.80859375,-7.97615468161,0,-0.010773637358
16.85689,29391.4050293,-10.7163216072,0,0,29.5,28.3813476563,-7.97615468161,0,-0.0861890988639
16.885461,29450.0354004,-10.7163216072,0,0,29.55,27.4658203125,-7.97615468161,0,-0.447105950357
16.914032,29391.4050293,-10.7163216072,0,0,29.6,28.5034179688,-7.97615468161,-0.0193925472444,-1.36286512579
16.942603,29391.4050293,-10.7163216072,0,0,29.65,29.4799804688,-7.97615468161,-0.0969627362219,-2.83885344383
16.971174,29450.0354004,-10.7163216072,0,0,29.7,28.80859375,-7.97615468161,-0.339369576777,-3.49604532267
16.999745,29450.0354004,-10.7163216072,0,0,29.75,26.6128540039,-8.01106126665,-0.562383870087,-2.03083064198
17.028316,29450.0354004,-10.7163216072,0,0,29.8,24.6307373047,-8.04596785169,-0.542991322843,-0.430945494319
,,,,,29.85,24.0203857422,-8.06342114421,-0.53329504922,-0.0915759175428
,,,,,29.9,23.5931396484,-8.09832772925,-0.53329504922,-0.226246384518
,,,,,29.95,23.5626220703,-8.11578102177,-0.552687596465,-0.500974137146
,,,,,30,24.9664306641,-8.15068760681,-0.62056151182,-0.188538653765
,,,,,30.05,25.4531860352,-8.18559419185,-0.562383870087,-0.05386818679
,,,,,30.1,28.1066894531,-8.20304748437,-0.572080143709,-0.824183257886
,,,,,30.15,30.7601928711,-8.23795406941,-0.669042879931,-1.14200555995
,,,,,30.2,33.3831787109,-8.27286065445,-0.717524248042,-0.818796439207
,,,,,30.25,36.8591308594,-8.30776723949,-0.785398163397,0.145444104333
,,,,,30.3,35.7009887695,-8.36012711705,-0.698131700798,0.980400999577
,,,,,30.35,34.6939086914,-8.37758040957,-0.610865238198,0.506360955825
,,,,,30.4,32.8948974609,-8.41248699461,-0.659346606309,0.183151835086
,,,,,30.45,33.4136962891,-8.44739357965,-0.649650332687,0.791862345812
,,,,,30.5,30.1498413086,-8.48230016469,-0.562383870087,1.27128920824
,,,,,30.55,28.7475585938,-8.49975345721,-0.513902501976,1.6914610652
,,,,,30.6,27.8625488281,-8.53466004225,-0.436332312999,2.69879615818
,,,,,30.65,25.2395629883,-8.55211333477,-0.213318019688,3.04355255363
,,,,,30.7,25.1190185547,-8.55211333477,-0.0581776417331,2.03083064198
,,,,,30.75,23.7457275391,-8.55211333477,-0.00969627362219,0.888825082034
,,,,,30.8,22.9827880859,-8.55211333477,0,0.263954115271
,,,,,30.85,23.3795166016,-8.55211333477,0,0.048481368111
,,,,,30.9,21.6720581055,-8.55211333477,0,0.005386818679
,,,,,30.95,21.6415405273,-8.55211333477,0,0
,,,,,31,21.7025756836,-8.55211333477,0,0
,,,,,31.05,21.7636108398,-8.55211333477,0,0
,,,,,31.1,21.4584350586,-8.55211333477,0,0
,,,,,31.15,21.8856811523,-8.55211333477,0,0
,,,,,31.2,21.305847168,-8.55211333477,0,0
,,,,,31.25,22.9232788086,-8.55211333477,0,0
,,,,,31.3,24.4781494141,-8.55211333477,0,0
,,,,,31.35,24.6917724609,-8.55211333477,0,-0.005386818679
,,,,,31.4,24.6612548828,-8.55211333477,0,-0.043094549432
,,,,,31.45,24.5391845703,-8.55211333477,0,-0.226246384518
,,,,,31.5,25.910949707,-8.55211333477,-0.00969627362219,-0.700286428269
,,,,,31.55,25.6973266602,-8.55211333477,-0.048481368111,-1.51908286748
,,,,,31.6,25.2090454102,-8.55211333477,-0.174532925199,-2.04160427934
,,,,,31.65,24.5086669922,-8.56956662729,-0.300584482288,-1.70223470256
,,,,,31.7,23.2269287109,-8.58701991981,-0.349065850399,-1.21203420277
,,,,,31.75,22.7096557617,-8.60447321233,-0.387850944888,-1.22819465881
,,,,,31.8,22.1298217773,-8.62192650485,-0.48481368111,-1.0504296424
,,,,,31.85,22.3129272461,-8.65683308989,-0.513902501976,-0.554842323937
,,,,,31.9,22.8927612305,-8.67428638241,-0.523598775598,-0.37707730753
,,,,,31.95,22.5570678711,-8.70919296745,-0.53329504922,-0.544068686579
,,,,,32,22.1603393555,-8.72664625997,-0.562383870087,-0.969627362219
,,,,,32.05,23.6236572266,-8.76155284501,-0.659346606309,-0.818796439207
,,,,,32.1,25.7278442383,-8.79645943005,-0.678739153553,-0.0323209120741
,,,,,32.15,25.6973266602,-8.83136601509,-0.659346606309,0.662578697516
,,,,,32.2,25.5447387695,-8.86627260013,-0.572080143709,0.6410314228
,,,,,32.25,22.770690918,-8.88372589265,-0.562383870087,0.0215472747159
,,,,,32.3,20.3918457031,-8.91863247769,-0.62056151182,0.220859565839
,,,,,32.35,19.2626953125,-8.95353906273,-0.552687596465,0.678739153554
,,,,,32.4,19.7814941406,-8.97099235525,-0.523598775598,0.657191878838
,,,,,32.45,20.7260131836,-9.00589894029,-0.494509954732,0.673352334875
,,,,,32.5,22.3739624023,-9.02335223281,-0.426636039376,0.188538653765
,,,,,32.55,23.2879638672,-9.04080552533,-0.48481368111,-0.118510010938
,,,,,32.6,23.2879638672,-9.07571211037,-0.48481368111,0.393237763566
,,,,,32.65,22.770690918,-9.09316540289,-0.416939765754,0.554842323936
,,,,,32.7,23.0438232422,-9.11061869541,-0.446028586621,1.02888236769
,,,,,32.75,23.9593505859,-9.14552528045,-0.339369576777,1.86383926293
,,,,,32.8,25.1495361328,-9.14552528045,-0.213318019688,1.87461290029
,,,,,32.85,26.0330200195,-9.16297857297,-0.145444104333,1.66991379049
,,,,,32.9,25.9719848633,-9.16297857297,-0.0387850944888,1.22280784013
,,,,,32.95,26.9485473633,-9.16297857297,-0.00969627362219,0.554842323937
,,,,,33,27.4047851563,-9.16297857297,0,0.193925472444
,,,,,33.05,28.3203125,-9.16297857297,0,0.037707730753
,,,,,33.1,28.9611816406,-9.16297857297,0,0.005386818679
,,,,,33.15,28.7780761719,-9.16297857297,0,0
,,,,,33.2,28.9306640625,-9.16297857297,0,0
,,,,,33.25,28.8391113281,-9.16297857297,0,0
,,,,,33.3,28.9916992188,-9.16297857297,0,0
,,,,,33.35,27.9541015625,-9.16297857297,0,0
,,,,,33.4,27.0095825195,-9.16297857297,0,0
,,,,,33.45,27.3147583008,-9.16297857297,0,-0.010773637358
,,,,,33.5,26.8264770508,-9.16297857297,0,-0.0861890988639
,,,,,33.55,26.4602661133,-9.16297857297,0,-0.447105950357
,,,,,33.6,26.2771606445,-9.16297857297,-0.0193925472444,-1.36286512579
,,,,,33.65,25.8499145508,-9.16297857297,-0.0969627362219,-2.84424026251
,,,,,33.7,25.4837036133,-9.16297857297,-0.339369576777,-3.5391398721
,,,,,33.75,26.2466430664,-9.19788515801,-0.562383870087,-2.25169020782
,,,,,33.8,26.2466430664,-9.23279174305,-0.552687596465,-1.09352419184
,,,,,33.85,28.1372070313,-9.25024503557,-0.581776417331,-1.41673331258
,,,,,33.9,26.4907836914,-9.28515162061,-0.698131700798,-1.7183951586
,,,,,33.95,25.2395629883,-9.32005820565,-0.814486984264,-1.01272191165
,,,,,34,23.8067626953,-9.37241808321,-0.824183257886,0.129283648296
,,,,,34.05,22.6181030273,-9.40732466825,-0.746613068909,0.339369576777
,,,,,34.1,22.3434448242,-9.44223125329,-0.746613068909,-0.156217741691
,,,,,34.15,24.1424560547,-9.47713783833,-0.814486984264,0.204699109801
,,,,,34.2,23.0743408203,-9.52949771589,-0.785398163398,1.52446968616
,,,,,34.25,23.1048583984,-9.56440430093,-0.601168964576,1.78303698275
,,,,,34.3,22.1298217773,-9.58185759345,-0.542991322843,0.797249164491
,,,,,34.35,22.8927612305,-9.61676417849,-0.533295049221,-0.140057285654
,,,,,34.4,23.8067626953,-9.63421747101,-0.562383870087,-0.921145994108
,,,,,34.45,24.8138427734,-9.66912405605,-0.659346606309,-0.953466906182
,,,,,34.5,23.8677978516,-9.70403064109,-0.688435427176,-0.32320912074
,,,,,34.55,26.5213012695,-9.73893722613,-0.688435427176,0.317822302061
,,,,,34.6,29.7225952148,-9.77384381117,-0.659346606309,0.915759175429
,,,,,34.65,29.0222167969,-9.80875039621,-0.562383870087,0.732607340344
,,,,,34.7,27.7709960938,-9.82620368873,-0.542991322843,-0.377077307529
,,,,,34.75,24.7528076172,-9.86111027377,-0.581776417331,-1.8207447135
,,,,,34.8,21.794128418,-9.87856356629,-0.736916795287,-2.83885344383
,,,,,34.85,21.061706543,-9.93092344385,-0.959931088597,-1.83151835086
,,,,,34.9,25.1495361328,-9.98328332141,-0.998716183086,0.888825082034
,,,,,34.95,26.4907836914,-10.035643199,-0.901753446864,4.12630310811
,,,,,35,26.1245727539,-10.0880030765,-0.523598775598,5.93088736557
,,,,,35.05,28.3508300781,-10.0880030765,-0.145444104333,4.53031450904
,,,,,35.1,28.6560058594,-10.0880030765,-0.0290888208666,2.10085928481
,,,,,35.15,29.541015625,-10.0880030765,0,0.678739153553
,,,,,35.2,29.6310424805,-10.0880030765,0,0.129283648296
,,,,,35.25,30.7907104492,-10.0880030765,0,0.016160456037
,,,,,35.3,32.2845458984,-10.0880030765,0,0
,,,,,35.35,33.4747314453,-10.0880030765,0,0
,,,,,35.4,34.1751098633,-10.0880030765,0,0
,,,,,35.45,33.8104248047,-10.0880030765,0,0
,,,,,35.5,34.0545654297,-10.0880030765,0,0
,,,,,35.55,34.0240478516,-10.0880030765,0,0
,,,,,35.6,33.9324951172,-10.0880030765,0,-0.010773637358
,,,,,35.65,34.0545654297,-10.0880030765,0,-0.0808022801849
,,,,,35.7,33.8409423828,-10.0880030765,0,-0.414785038283
,,,,,35.75,31.4926147461,-10.0880030765,-0.0193925472444,-1.21742102145
,,,,,35.8,26.2771606445,-10.0880030765,-0.0872664625997,-2.55335205384
,,,,,35.85,29.541015625,-10.0880030765,-0.31028075591,-3.19438347664
,,,,,35.9,28.076171875,-10.1229096616,-0.475117407487,-2.54257841649
,,,,,35.95,31.1874389648,-10.1403629541,-0.552687596465,-1.92848108708
,,,,,36,31.4926147461,-10.1752695391,-0.659346606309,-1.44905422465
,,,,,36.05,29.9362182617,-10.2101761242,-0.698131700798,-1.02888236769
,,,,,36.1,26.9180297852,-10.2450827092,-0.736916795287,-0.969627362219
,,,,,36.15,26.7044067383,-10.2799892942,-0.824183257886,-0.344756395456
,,,,,36.2,26.5518188477,-10.3323491718,-0.814486984264,0.96424054354
,,,,,36.25,26.3687133789,-10.3672557568,-0.698131700798,1.66991379049
,,,,,36.3,25.3616333008,-10.4021623419,-0.581776417331,1.18510010938
,,,,,36.35,26.7959594727,-10.4196156344,-0.562383870087,0.355530032814
,,,,,36.4,26.887512207,-10.4545222194,-0.610865238198,0.554842323936
,,,,,36.45,23.9898681641,-10.4894288045,-0.523598775598,1.06120327976
,,,,,36.5,23.4405517578,-10.506882097,-0.436332312999,0.517134593184
,,,,,36.55,23.1964111328,-10.5243353895,-0.48481368111,0.172378197728
,,,,,36.6,22.6486206055,-10.5592419746,-0.475117407487,0.711060065628
,,,,,36.65,22.5570678711,-10.5766952671,-0.387850944888,0.85650416996
,,,,,36.7,21.8856811523,-10.5941485596,-0.358762124021,0.47942686243
,,,,,36.75,22.4044799805,-10.6116018521,-0.349065850399,0.183151835086
,,,,,36.8,23.4100341797,-10.6290551446,-0.349065850399,0.037707730753
,,,,,36.85,23.0438232422,-10.6465084372,-0.349065850399,0.00538681867893
,,,,,36.9,23.0133056641,-10.6639617297,-0.349065850399,0.00538681867906
,,,,,36.95,23.7152099609,-10.6814150222,-0.349065850399,0.0430945494322
,,,,,37,24.9359130859,-10.6988683147,-0.349065850399,0.226246384518
,,,,,37.05,26.8569946289,-10.7163216072,-0.339369576777,0.700286428269
,,,,,37.1,28.4729003906,-10.7337748998,-0.300584482288,1.5136960488
,,,,,37.15,28.9916992188,-10.7512281923,-0.174532925199,2.00389654859
,,,,,37.2,27.6794433594,-10.7512281923,-0.048481368111,1.5136960488
,,,,,37.25,27.3147583008,-10.7512281923,-0.00969627362219,0.700286428269
,,,,,37.3,27.131652832,-10.7512281923,0,0.226246384518
,,,,,37.35,26.9485473633,-10.7512281923,0,0.043094549432
,,,,,37.4,26.3687133789,-10.7512281923,0,0.005386818679
,,,,,37.45,25.5447387695,-10.7512281923,0,0
,,,,,37.5,25.5142211914,-10.7512281923,0,0
,,,,,37.55,25.4837036133,-10.7512281923,0,0
,,,,,37.6,25.5142211914,-10.7512281923,0,-0.010773637358
,,,,,37.65,25.422668457,-10.7512281923,0,-0.0808022801849
,,,,,37.7,25.422668457,-10.7512281923,0,-0.409398219604
,,,,,37.75,25.7278442383,-10.7512281923,-0.0193925472444,-1.1797132907
,,,,,37.8,27.0706176758,-10.7512281923,-0.0872664625997,-2.36481340008
,,,,,37.85,27.0401000977,-10.7512281923,-0.300584482288,-2.68802252082
,,,,,37.9,25.3005981445,-10.7861347773,-0.436332312999,-1.57833787295
,,,,,37.95,24.2034912109,-10.8035880698,-0.416939765754,-1.10429782919
,,,,,38,24.4171142578,-10.8210413624,-0.504206228354,-1.37902558182
,,,,,38.05,23.9593505859,-10.8559479474,-0.562383870087,-1.5136960488
,,,,,38.1,24.0814208984,-10.8734012399,-0.678739153553,-1.16893965334
,,,,,38.15,22.8927612305,-10.9257611175,-0.746613068909,0.307048664703
,,,,,38.2,22.6181030273,-10.9606677025,-0.601168964576,0.969627362219
,,,,,38.25,23.3795166016,-10.978120995,-0.572080143709,0.274727752629
,,,,,38.3,24.1729736328,-11.0130275801,-0.62056151182,0.183151835086
,,,,,38.35,25.3005981445,-11.0479341651,-0.562383870087,0.231633203197
,,,,,38.4,25.6973266602,-11.0653874576,-0.562383870087,-0.188538653765
,,,,,38.45,25.6057739258,-11.1002940427,-0.62056151182,0.00538681867893
,,,,,38.5,25.6973266602,-11.1352006277,-0.562383870087,0.237020021876
,,,,,38.55,26.7654418945,-11.1526539202,-0.562383870087,0.0323209120738
,,,,,38.6,27.6794433594,-11.1875605053,-0.610865238198,0.700286428269
,,,,,38.65,30.3939819336,-11.2224670903,-0.513902501976,1.70762152124
,,,,,38.7,28.2897949219,-11.2399203828,-0.387850944888,1.80458425746
,,,,,38.75,25.4837036133,-11.2573736754,-0.319977029532,1.47060149937
,,,,,38.8,25.1495361328,-11.2748269679,-0.22301429331,0.667965516196
,,,,,38.85,25.5142211914,-11.2748269679,-0.22301429331,-0.667965516195
,,,,,38.9,26.5213012695,-11.2922802604,-0.319977029532,-1.46521468069
,,,,,38.95,27.4963378906,-11.3097335529,-0.387850944888,-1.76148970803
,,,,,39,28.4118652344,-11.3271868454,-0.513902501976,-1.48137513672
,,,,,39.05,27.375793457,-11.3620934305,-0.601168964576,0.005386818679
,,,,,39.1,22.3434448242,-11.3970000155,-0.513902501976,1.52446968616
,,,,,39.15,20.8786010742,-11.414453308,-0.387850944888,1.98773609255
,,,,,39.2,20.4223632813,-11.4319066006,-0.31028075591,2.17088792764
,,,,,39.25,20.0561523438,-11.4493598931,-0.174532925199,2.22475611443
,,,,,39.3,20.1782226563,-11.4493598931,-0.0484813681109,1.55679059823
,,,,,39.35,20.2697753906,-11.4493598931,-0.00969627362219,0.705673246948
,,,,,39.4,20.5444335938,-11.4493598931,0,0.226246384518
,,,,,39.45,20.6665039063,-11.4493598931,0,0.043094549432
,,,,,39.5,21.4279174805,-11.4493598931,0,0.00538681867899
,,,,,39.55,21.4584350586,-11.4493598931,0,0
,,,,,39.6,22.1298217773,-11.4493598931,0,0
,,,,,39.65,23.1048583984,-11.4493598931,0,0
,,,,,39.7,22.282409668,-11.4493598931,0,0
,,,,,39.75,22.8012084961,-11.4493598931,0,0
,,,,,39.8,21.9161987305,-11.4493598931,0,0
,,,,,39.85,22.3739624023,-11.4493598931,0,0
,,,,,39.9,22.282409668,-11.4493598931,0,0
,,,,,39.95,22.0077514648,-11.4493598931,0,0
,,,,,40,22.038269043,-11.4493598931,0,-0.005386818679
,,,,,40.05,20.9091186523,-11.4493598931,0,-0.043094549432
,,,,,40.1,20.7565307617,-11.4493598931,0,-0.220859565839
,,,,,40.15,20.5139160156,-11.4493598931,-0.00969627362219,-0.662578697517
,,,,,40.2,20.5444335938,-11.4493598931,-0.048481368111,-1.33054421371
,,,,,40.25,20.2697753906,-11.4493598931,-0.164836651577,-1.52985650483
,,,,,40.3,20.3918457031,-11.4668131856,-0.261799387799,-0.700286428269
,,,,,40.35,20.5444335938,-11.4842664781,-0.213318019688,-0.21547274716
,,,,,40.4,20.5749511719,-11.4842664781,-0.22301429331,-0.754154615059
,,,,,40.45,21.3973999023,-11.5017197706,-0.31028075591,-1.04504282373
,,,,,40.5,21.3668823242,-11.5191730632,-0.349065850399,-0.991174636935
,,,,,40.55,22.9522705078,-11.5366263557,-0.387850944888,-1.1797132907
,,,,,40.6,22.7096557617,-11.5540796482,-0.48481368111,-1.00194827429
,,,,,40.65,22.526550293,-11.5889862332,-0.513902501976,-0.328595939419
,,,,,40.7,23.5931396484,-11.6064395258,-0.513902501976,0.328595939419
,,,,,40.75,23.5015869141,-11.6413461108,-0.48481368111,1.00733509297
,,,,,40.8,24.5391845703,-11.6587994033,-0.387850944888,1.22280784013
,,,,,40.85,24.8748779297,-11.6762526958,-0.349065850399,1.21203420277
,,,,,40.9,25.178527832,-11.6937059884,-0.300584482288,1.70223470256
,,,,,40.95,25.0885009766,-11.7111592809,-0.174532925199,2.04160427934
,,,,,41,24.0814208984,-11.7111592809,-0.048481368111,1.51908286748
,,,,,41.05,23.3795166016,-11.7111592809,-0.00969627362219,0.700286428269
,,,,,41.1,23.1964111328,-11.7111592809,0,0.226246384518
,,,,,41.15,23.7152099609,-11.7111592809,0,0.043094549432
,,,,,41.2,23.6541748047,-11.7111592809,0,0.005386818679
,,,,,41.25,23.7762451172,-11.7111592809,0,0
,,,,,41.3,23.7762451172,-11.7111592809,0,0
,,,,,41.35,23.8067626953,-11.7111592809,0,0
,,,,,41.4,23.8067626953,-11.7111592809,0,0
,,,,,41.45,23.7457275391,-11.7111592809,0,0
,,,,,41.5,23.7152099609,-11.7111592809,0,0
,,,,,41.55,23.6541748047,-11.7111592809,0,0
,,,,,41.6,23.7457275391,-11.7111592809,0,0
,,,,,41.65,23.7457275391,-11.7111592809,0,0
,,,,,41.7,23.6541748047,-11.7111592809,0,0
,,,,,41.75,23.6846923828,-11.7111592809,0,0
,,,,,41.8,23.7762451172,-11.7111592809,0,0
,,,,,41.85,23.7762451172,-11.7111592809,0,0
,,,,,41.9,23.7762451172,-11.7111592809,0,0
,,,,,41.95,23.8372802734,-11.7111592809,0,0
,,,,,42,23.8372802734,-11.7111592809,0,0
,,,,,42.05,23.7762451172,-11.7111592809,0,0
,,,,,42.1,23.8983154297,-11.7111592809,0,0
,,,,,42.15,23.8067626953,-11.7111592809,0,0
,,,,,42.2,23.8372802734,-11.7111592809,0,0
,,,,,42.25,23.8067626953,-11.7111592809,0,0
,,,,,42.3,23.8372802734,-11.7111592809,0,0
,,,,,42.35,23.7152099609,-11.7111592809,0,0
,,,,,42.4,23.6846923828,-11.7111592809,0,0
,,,,,42.45,23.8677978516,-11.7111592809,0,0
,,,,,42.5,23.7152099609,-11.7111592809,0,0
,,,,,42.55,23.7457275391,-11.7111592809,0,0
,,,,,42.6,23.7457275391,-11.7111592809,0,0
,,,,,42.65,23.7457275391,-11.7111592809,0,0
,,,,,42.7,23.7762451172,-11.7111592809,0,0
,,,,,42.75,23.7457275391,-11.7111592809,0,0
,,,,,42.8,23.7762451172,-11.7111592809,0,0
,,,,,42.85,23.7457275391,-11.7111592809,0,0
,,,,,42.9,23.8372802734,-11.7111592809,0,0
,,,,,42.95,24.2950439453,-11.7111592809,0,0
,,,,,43,23.3795166016,-11.7111592809,0,0
,,,,,43.05,23.6541748047,-11.7111592809,0,0
,,,,,43.1,23.8677978516,-11.7111592809,0,0
,,,,,43.15,23.7457275391,-11.7111592809,0,0
,,,,,43.2,23.6846923828,-11.7111592809,0,0
,,,,,43.25,23.7152099609,-11.7111592809,0,0
,,,,,43.3,23.8983154297,-11.7111592809,0,0
,,,,,43.35,23.6846923828,-11.7111592809,0,0
,,,,,43.4,23.7762451172,-11.7111592809,0,0
