"Latest: Time (s)","Latest: Intensity (%)","Latest: Angle (rad)","Latest: Velocity (rad/s)","Latest: Acceleration (rad/sÂ²)"
0.05,1.72729492188,0,0,0
0.1,1.72729492188,0,0,0
0.15,1.72729492188,0,0,0
0.2,1.72729492188,0,0,0
0.25,1.72729492188,0,0,0
0.3,1.72729492188,0,0,0
0.35,1.72729492188,0,0,0
0.4,1.72729492188,0,0,0
0.45,1.72729492188,0,0,0
0.5,1.69677734375,0,0,0
0.55,1.66625976563,0,0,0
0.6,1.72729492188,0,0,0
0.65,1.72729492188,0,0,0
0.7,1.72729492188,0,0,0
0.75,1.72729492188,0,0,0
0.8,1.69677734375,0,0,0
0.85,1.69677734375,0,0,0
0.9,1.69677734375,0,0,0
0.95,1.69677734375,0,0,0
1,1.69677734375,0,0,0
1.05,1.69677734375,0,0,0
1.1,1.69677734375,0,0,0
1.15,1.69677734375,0,0,0
1.2,1.69677734375,0,0,0
1.25,1.69677734375,0,0,0
1.3,1.69677734375,0,0,-0.00538681867899
1.35,1.69677734375,0,0,-0.048481368111
1.4,1.69677734375,0,0,-0.263954115271
1.45,1.69677734375,0,-0.00969627362219,-0.888825082034
1.5,1.69677734375,0,-0.0581776417331,-2.0254438233
1.55,1.72729492188,0,-0.213318019688,-3.0004580042
1.6,2.09350585938,-0.0174532925199,-0.436332312999,-2.47793659234
1.65,2.67333984375,-0.0523598775598,-0.504206228354,-1.02888236769
1.7,3.80096435547,-0.0698131700798,-0.513902501976,0.059255005469
1.75,4.96063232422,-0.10471975512,-0.48481368111,0.737994159022
1.8,6.21032714844,-0.12217304764,-0.39754721851,0.517134593183
1.85,7.64312744141,-0.13962634016,-0.39754721851,-0.307048664703
1.9,9.35211181641,-0.157079632679,-0.475117407487,-0.339369576777
1.95,11.2426757813,-0.191986217719,-0.475117407487,0.344756395456
2,13.2553100586,-0.209439510239,-0.39754721851,0.344756395456
2.05,15.6036376953,-0.226892802759,-0.39754721851,-0.339369576777
2.1,17.6773071289,-0.244346095279,-0.475117407487,-0.307048664703
2.15,20.0561523438,-0.279252680319,-0.475117407487,0.527908230541
2.2,22.5570678711,-0.296705972839,-0.387850944888,0.818796439207
2.25,24.8748779297,-0.314159265359,-0.358762124021,0.474040043752
2.3,27.2232055664,-0.331612557879,-0.349065850399,0.183151835086
2.35,29.6310424805,-0.349065850399,-0.349065850399,0.0377077307529
2.4,31.6452026367,-0.366519142919,-0.349065850399,0.0053868186789
2.45,33.9630126953,-0.383972435439,-0.349065850399,9.9303281647E-015
2.5,35.3958129883,-0.401425727959,-0.349065850399,-6.5379800339E-015
2.55,37.3168945313,-0.418879020479,-0.349065850399,0.00538681867895
2.6,39.4821166992,-0.436332312999,-0.349065850399,0.043094549432
2.65,41.3726806641,-0.453785605519,-0.349065850399,0.226246384518
2.7,43.782043457,-0.471238898038,-0.339369576777,0.700286428269
2.75,45.7946777344,-0.488692190558,-0.300584482288,1.5136960488
2.8,46.6796875,-0.506145483078,-0.174532925199,2.00389654859
2.85,46.7407226563,-0.506145483078,-0.048481368111,1.5136960488
2.9,46.6491699219,-0.506145483078,-0.00969627362219,0.700286428269
2.95,46.7712402344,-0.506145483078,0,0.226246384518
3,46.6796875,-0.506145483078,0,0.043094549432
3.05,46.7712402344,-0.506145483078,0,0.00538681867899
3.1,46.6796875,-0.506145483078,0,0
3.15,46.8627929688,-0.506145483078,0,0
3.2,46.5881347656,-0.506145483078,0,0
3.25,46.7407226563,-0.506145483078,0,-0.016160456037
3.3,46.8933105469,-0.506145483078,0,-0.129283648296
3.35,46.6491699219,-0.506145483078,0,-0.673352334874
3.4,46.435546875,-0.506145483078,-0.0290888208666,-2.05776473538
3.45,46.6186523438,-0.506145483078,-0.145444104333,-4.32022858055
3.5,47.7157592773,-0.506145483078,-0.513902501976,-5.34911094824
3.55,51.3153076172,-0.558505360638,-0.853272078753,-3.21054393268
3.6,54.4555664063,-0.610865238198,-0.853272078753,-0.571002779973
3.65,56.103515625,-0.645771823238,-0.785398163397,0.0215472747159
3.7,57.536315918,-0.680678408278,-0.833879531508,0.0808022801849
3.75,58.0856323242,-0.733038285838,-0.824183257886,0.700286428269
3.8,57.6889038086,-0.767944870878,-0.736916795286,0.85650416996
3.85,56.559753418,-0.802851455917,-0.70782797442,0.48481368111
3.9,55.0659179688,-0.837758040957,-0.698131700798,0.220859565839
3.95,53.0532836914,-0.872664625997,-0.698131700798,0.226246384518
4,50.4608154297,-0.907571211037,-0.688435427176,0.517134593184
4.05,47.7157592773,-0.942477796077,-0.659346606309,1.00194827429
4.1,45.1553344727,-0.977384381117,-0.562383870087,1.00194827429
4.15,42.3187255859,-0.994837673637,-0.53329504922,0.511747774504
4.2,39.421081543,-1.02974425868,-0.523598775598,0.199312291123
4.25,36.1587524414,-1.0471975512,-0.523598775598,0.118510010938
4.3,33.5662841797,-1.08210413624,-0.523598775598,0.420171856962
4.35,30.3329467773,-1.09955742876,-0.504206228354,1.21203420277
4.4,27.0706176758,-1.1344640138,-0.436332312999,2.51564432309
4.45,25.3616333008,-1.15191730632,-0.213318019688,3.00584482288
4.5,24.9359130859,-1.15191730632,-0.0581776417331,2.0254438233
4.55,24.9969482422,-1.15191730632,-0.00969627362219,0.888825082034
4.6,25.1190185547,-1.15191730632,0,0.263954115271
4.65,24.9969482422,-1.15191730632,0,0.048481368111
4.7,25.0885009766,-1.15191730632,0,0.00538681867899
4.75,25.0579833984,-1.15191730632,0,0
4.8,25.0885009766,-1.15191730632,0,0
4.85,25.0579833984,-1.15191730632,0,0
4.9,25.0885009766,-1.15191730632,0,0
4.95,25.0579833984,-1.15191730632,0,-0.010773637358
5,25.0274658203,-1.15191730632,0,-0.0915759175429
5.05,24.9969482422,-1.15191730632,0,-0.490200499789
5.1,24.9664306641,-1.15191730632,-0.0193925472444,-1.58372469162
5.15,24.7222900391,-1.15191730632,-0.106659009844,-3.50143214135
5.2,24.6917724609,-1.15191730632,-0.387850944888,-4.82658953638
5.25,20.0561523438,-1.18682389136,-0.727220521664,-3.55530032814
5.3,15.8477783203,-1.23918376892,-0.804790710642,-1.09352419184
5.35,11.7004394531,-1.27409035396,-0.746613068909,-0.113123192259
5.4,8.52813720703,-1.308996939,-0.746613068909,-0.425558675641
5.45,6.08825683594,-1.34390352404,-0.824183257886,-0.312435483382
5.5,3.86199951172,-1.3962634016,-0.824183257886,0.565615961294
5.55,2.3681640625,-1.43116998664,-0.736916795287,1.00733509297
5.6,1.7578125,-1.46607657168,-0.698131700798,0.991174636935
5.65,1.78833007813,-1.50098315672,-0.659346606309,1.21742102145
5.7,2.30712890625,-1.53588974176,-0.562383870087,1.19048692806
5.75,3.19061279297,-1.55334303427,-0.523598775598,0.840343713923
5.8,4.28924560547,-1.58824961931,-0.494509954732,0.673352334874
5.85,5.75256347656,-1.60570291183,-0.426636039376,-6.59965909083E-015
5.9,7.36846923828,-1.62315620435,-0.494509954732,-0.673352334874
5.95,9.56420898438,-1.65806278939,-0.523598775598,-0.824183257886
6,11.7904663086,-1.67551608191,-0.562383870087,-1.06659009844
6.05,14.4744873047,-1.71042266695,-0.659346606309,-0.581776417331
6.1,18.0435180664,-1.74532925199,-0.669042879931,0.883438263355
6.15,22.282409668,-1.78023583703,-0.601168964576,2.83885344383
6.2,27.0095825195,-1.81514242207,-0.349065850399,3.97008536642
6.25,27.7404785156,-1.81514242207,-0.0969627362219,3.02200527892
6.3,27.6489257813,-1.81514242207,-0.0193925472444,1.40057285654
6.35,27.83203125,-1.81514242207,0,0.452492769036
6.4,28.0151367188,-1.81514242207,0,0.0861890988639
6.45,27.8930664063,-1.81514242207,0,0.010773637358
6.5,27.9541015625,-1.81514242207,0,0
6.55,27.8930664063,-1.81514242207,0,0
6.6,27.6794433594,-1.81514242207,0,-0.010773637358
6.65,27.3147583008,-1.81514242207,0,-0.0861890988639
6.7,27.4658203125,-1.81514242207,0,-0.452492769036
6.75,27.6489257813,-1.81514242207,-0.0193925472444,-1.40057285654
6.8,27.6794433594,-1.81514242207,-0.0969627362219,-3.0273920976
6.85,28.3203125,-1.81514242207,-0.349065850399,-4.01317991585
6.9,31.7367553711,-1.85004900711,-0.601168964576,-3.07048664703
6.95,35.8840942383,-1.88495559215,-0.678739153553,-1.62681924106
7,40.1840209961,-1.91986217719,-0.70782797442,-1.1527791973
7.05,44.8196411133,-1.95476876223,-0.746613068909,-1.59449832898
7.1,50.3997802734,-1.98967534727,-0.872664625997,-1.97157563651
7.15,55.9509277344,-2.04203522483,-0.998716183086,-1.29283648296
7.2,61.3784790039,-2.09439510239,-1.02780500395,-0.0377077307529
7.25,65.5868530273,-2.14675497995,-0.998716183086,1.10429782919
7.3,68.3929443359,-2.19911485751,-0.882360899619,1.4867619554
7.35,69.6136474609,-2.23402144255,-0.785398163397,0.689512790911
7.4,70.6497192383,-2.26892802759,-0.833879531508,0.172378197728
7.45,71.1380004883,-2.32128790515,-0.824183257886,0.533295049221
7.5,70.1309204102,-2.35619449019,-0.746613068909,0.37707730753
7.55,68.6065673828,-2.39110107523,-0.746613068909,-0.371690488851
7.6,66.0751342773,-2.42600766027,-0.824183257886,-0.490200499788
7.65,62.8128051758,-2.47836753783,-0.833879531508,0.0538681867898
7.7,59.2437744141,-2.51327412287,-0.775701889775,0.0107736373579
7.75,54.5166015625,-2.54818070791,-0.833879531508,0.0323209120741
7.8,48.6312866211,-2.60054058547,-0.824183257886,0.942693268824
7.85,43.7210083008,-2.63544717051,-0.727220521664,1.77765016407
7.9,39.0243530273,-2.67035375555,-0.649650332687,2.6934093395
7.95,34.9075317383,-2.70526034059,-0.475117407487,3.70074443247
8,33.1085205078,-2.72271363311,-0.22301429331,3.55530032814
8.05,33.0780029297,-2.72271363311,-0.0581776417331,2.21936929575
8.1,33.4442138672,-2.72271363311,-0.00969627362219,0.926532812787
8.15,33.5357666016,-2.72271363311,0,0.26934093395
8.2,33.5357666016,-2.72271363311,0,0.048481368111
8.25,33.4747314453,-2.72271363311,0,0.005386818679
8.3,33.5357666016,-2.72271363311,0,0
8.35,33.4442138672,-2.72271363311,0,0
8.4,33.4747314453,-2.72271363311,0,0
8.45,33.5662841797,-2.72271363311,0,-0.010773637358
8.5,33.4442138672,-2.72271363311,0,-0.0861890988639
8.55,33.3221435547,-2.72271363311,0,-0.457879587715
8.6,33.3526611328,-2.72271363311,-0.0193925472444,-1.44366740597
8.65,33.2000732422,-2.72271363311,-0.0969627362219,-3.24825166343
8.7,32.0709228516,-2.72271363311,-0.358762124021,-4.67037179469
8.75,27.1926879883,-2.75762021815,-0.649650332687,-4.35254949263
8.8,22.4349975586,-2.79252680319,-0.843575805131,-2.88733481194
8.85,17.1890258789,-2.84488668075,-0.959931088597,-0.926532812787
8.9,12.4008178711,-2.89724655831,-0.901753446864,0.398624582246
8.95,8.68072509766,-2.93215314335,-0.872664625997,0.74876779638
9,5.63049316406,-2.98451302091,-0.833879531508,0.958853724861
9.05,3.55682373047,-3.01941960595,-0.746613068909,0.522521411863
9.1,2.30712890625,-3.05432619099,-0.746613068909,-0.484813681109
9.15,1.7578125,-3.08923277603,-0.833879531508,-0.813409620528
9.2,2.03247070313,-3.14159265359,-0.862968352375,-0.474040043752
9.25,3.06854248047,-3.17649923863,-0.872664625997,-0.183151835086
9.3,4.96063232422,-3.22885911619,-0.872664625997,-0.0323209120739
9.35,7.73468017578,-3.26376570123,-0.872664625997,0.0323209120739
9.4,11.7309570313,-3.31612557879,-0.872664625997,0.193925472444
9.45,16.0308837891,-3.35103216383,-0.862968352375,0.560229142616
9.5,20.361328125,-3.40339204139,-0.833879531508,1.27128920824
9.55,24.3255615234,-3.43829862643,-0.727220521664,1.92848108708
9.6,28.2592773438,-3.47320521147,-0.649650332687,2.72573025157
9.65,31.7672729492,-3.50811179651,-0.475117407487,3.70613125115
9.7,34.5108032227,-3.52556508903,-0.22301429331,3.55530032814
9.75,35.3958129883,-3.52556508903,-0.0581776417331,2.21936929575
9.8,35.3042602539,-3.52556508903,-0.00969627362219,0.926532812787
9.85,35.4263305664,-3.52556508903,0,0.26934093395
9.9,35.578918457,-3.52556508903,0,0.048481368111
9.95,35.3958129883,-3.52556508903,0,0.005386818679
10,35.578918457,-3.52556508903,0,0
10.05,35.3958129883,-3.52556508903,0,0
10.1,35.8840942383,-3.52556508903,0,0
10.15,35.334777832,-3.52556508903,0,0
10.2,35.2737426758,-3.52556508903,0,0
10.25,35.4568481445,-3.52556508903,0,0
10.3,35.4263305664,-3.52556508903,0,-0.010773637358
10.35,35.4263305664,-3.52556508903,0,-0.0808022801849
10.4,35.3958129883,-3.52556508903,0,-0.414785038283
10.45,35.3652954102,-3.52556508903,-0.0193925472444,-1.21203420277
10.5,35.6399536133,-3.52556508903,-0.0872664625997,-2.51564432309
10.55,35.7925415039,-3.52556508903,-0.31028075591,-3.00584482288
10.6,38.932800293,-3.56047167407,-0.465421133865,-2.0254438233
10.65,41.8304443359,-3.57792496659,-0.513902501976,-0.894211900713
10.7,44.9417114258,-3.61283155163,-0.523598775598,-0.301661846024
10.75,47.2900390625,-3.63028484415,-0.523598775598,-0.231633203197
10.8,49.089050293,-3.66519142919,-0.53329504922,-0.47942686243
10.85,51.3153076172,-3.68264472171,-0.562383870087,-0.813409620528
10.9,53.2363891602,-3.71755130675,-0.649650332687,-0.490200499788
10.95,55.2795410156,-3.75245789179,-0.649650332687,0.484813681109
11,56.8344116211,-3.78736447683,-0.562383870087,0.775701889775
11.05,57.7194213867,-3.80481776935,-0.53329504922,0.285501389987
11.1,58.5739135742,-3.83972435439,-0.53329504922,-0.32320912074
11.15,58.5739135742,-3.85717764691,-0.562383870087,-0.926532812787
11.2,58.3908081055,-3.89208423195,-0.659346606309,-0.813409620528
11.25,57.536315918,-3.92699081699,-0.678739153553,-0.037707730753
11.3,56.5902709961,-3.96189740203,-0.659346606309,0.630257785442
11.35,54.3640136719,-3.99680398707,-0.572080143709,0.490200499788
11.4,52.2903442383,-4.01425727959,-0.572080143709,-0.307048664703
11.45,49.1806030273,-4.04916386463,-0.649650332687,-0.296275027345
11.5,46.1303710938,-4.08407044967,-0.649650332687,0.571002779974
11.55,43.1411743164,-4.11897703471,-0.562383870087,1.0504296424
11.6,40.2450561523,-4.13643032723,-0.523598775598,1.21203420277
11.65,37.0422363281,-4.17133691227,-0.475117407487,1.89077335633
11.7,34.358215332,-4.18879020479,-0.339369576777,2.5910597846
11.75,33.6883544922,-4.20624349731,-0.184229198822,2.70418297686
11.8,33.9324951172,-4.20624349731,-0.0387850944888,2.17627474631
11.85,34.0240478516,-4.20624349731,0.0290888208666,1.55140377955
11.9,34.0240478516,-4.20624349731,0.126051557088,0.721833702985
11.95,34.0545654297,-4.18879020479,0.126051557088,-0.447105950357
12,34.114074707,-4.18879020479,0.0387850944888,-0.808022801849
12.05,34.0545654297,-4.18879020479,0.00969627362219,-0.474040043752
12.1,34.2056274414,-4.18879020479,0,-0.183151835086
12.15,34.0545654297,-4.18879020479,0,-0.037707730753
12.2,34.0850830078,-4.18879020479,0,-0.005386818679
12.25,34.114074707,-4.18879020479,0,-0.005386818679
12.3,33.9935302734,-4.18879020479,0,-0.037707730753
12.35,33.9935302734,-4.18879020479,0,-0.183151835086
12.4,33.9935302734,-4.18879020479,-0.00969627362219,-0.474040043752
12.45,33.8409423828,-4.18879020479,-0.0387850944888,-0.824183257886
12.5,34.0240478516,-4.18879020479,-0.126051557088,-0.571002779974
12.55,33.9630126953,-4.20624349731,-0.126051557088,0.075415461506
12.6,33.6273193359,-4.20624349731,-0.0581776417331,-0.404011400924
12.65,33.5662841797,-4.20624349731,-0.0969627362219,-2.07392519141
12.7,31.7672729492,-4.20624349731,-0.31028075591,-2.97352391081
12.75,29.0832519531,-4.24115008235,-0.475117407487,-2.31633203197
12.8,25.2700805664,-4.25860337487,-0.542991322843,-1.40595967522
12.85,22.1603393555,-4.29350995991,-0.62056151182,-0.414785038283
12.9,19.1711425781,-4.32841654495,-0.562383870087,0.113123192259
12.95,16.3040161133,-4.34586983747,-0.562383870087,-0.210085928481
13,13.0416870117,-4.38077642251,-0.62056151182,-0.037707730753
13.05,10.3881835938,-4.41568300755,-0.562383870087,0.010773637358
13.1,7.88726806641,-4.43313630007,-0.572080143709,-0.667965516195
13.15,5.63049316406,-4.46804288511,-0.659346606309,-0.808022801849
13.2,3.77044677734,-4.50294947015,-0.688435427176,-0.258567296592
13.25,2.490234375,-4.53785605519,-0.688435427176,0.474040043751
13.3,1.78833007813,-4.57276264023,-0.649650332687,1.25512875221
13.35,1.60522460938,-4.60766922527,-0.53329504922,1.34131785107
13.4,1.72729492188,-4.62512251778,-0.446028586621,0.220859565839
13.45,2.15454101563,-4.6425758103,-0.523598775598,-0.635644604121
13.5,2.91595458984,-4.67748239534,-0.601168964576,0.0861890988639
13.55,4.28924560547,-4.71238898038,-0.523598775598,1.09891101052
13.6,5.63049316406,-4.7298422729,-0.426636039376,1.1797132907
13.65,7.39898681641,-4.74729556542,-0.436332312999,1.68068742785
13.7,9.04693603516,-4.78220215046,-0.300584482288,2.71495661421
13.75,9.65576171875,-4.78220215046,-0.0872664625997,2.37020021876
13.8,9.716796875,-4.78220215046,-0.0193925472444,1.1797132907
13.85,9.716796875,-4.78220215046,0,0.409398219604
13.9,9.65576171875,-4.78220215046,0,0.0808022801849
13.95,9.62524414063,-4.78220215046,0,0.010773637358
14,9.65576171875,-4.78220215046,0,0
14.05,9.5947265625,-4.78220215046,0,0
14.1,9.62524414063,-4.78220215046,0,0
14.15,9.62524414063,-4.78220215046,0,0
14.2,9.62524414063,-4.78220215046,0,0
14.25,9.65576171875,-4.78220215046,0,0
14.3,9.62524414063,-4.78220215046,0,0
14.35,9.5947265625,-4.78220215046,0,0
14.4,9.62524414063,-4.78220215046,0,0
14.45,9.62524414063,-4.78220215046,0,0
14.5,9.5947265625,-4.78220215046,0,0
14.55,9.5947265625,-4.78220215046,0,-0.00538681867899
14.6,9.62524414063,-4.78220215046,0,-0.048481368111
14.65,9.8388671875,-4.78220215046,0,-0.274727752629
14.7,9.99145507813,-4.78220215046,-0.00969627362219,-0.958853724861
14.75,10.1135253906,-4.78220215046,-0.0581776417331,-2.36481340008
14.8,10.1135253906,-4.78220215046,-0.232710566933,-3.8461885368
14.85,11.5783691406,-4.79965544298,-0.504206228354,-4.04550082793
14.9,15.0848388672,-4.83456202802,-0.736916795286,-2.41329476819
14.95,19.873046875,-4.88692190558,-0.727220521664,-1.01810873033
15,23.8983154297,-4.9043751981,-0.746613068909,-1.27667602692
15.05,29.3579101563,-4.95673507566,-0.853272078753,-1.65375333445
15.1,35.5484008789,-4.9916416607,-0.93084226773,-1.56217741691
15.15,41.4337158203,-5.04400153826,-1.08598264569,0.0269340933949
15.2,51.1322021484,-5.11381470834,-0.979323635841,2.45638931762
15.25,56.4682006836,-5.14872129338,-0.746613068909,3.13512847117
15.3,59.7930908203,-5.18362787842,-0.581776417331,2.13856701556
15.35,62.0803833008,-5.20108117094,-0.53329504922,0.91037235675
15.4,64.3371582031,-5.23598775598,-0.523598775598,0.231633203197
15.45,66.8991088867,-5.2534410485,-0.523598775598,-0.140057285654
15.5,68.4234619141,-5.28834763354,-0.53329504922,-0.500974137146
15.55,69.9478149414,-5.30580092606,-0.562383870087,-0.96424054354
15.6,71.1380004883,-5.3407075111,-0.659346606309,-0.813409620528
15.65,71.9924926758,-5.37561409614,-0.678739153553,0.00538681867899
15.7,71.7483520508,-5.41052068118,-0.659346606309,0.845730532602
15.75,71.5957641602,-5.44542726622,-0.562383870087,1.11507146655
15.8,71.2905883789,-5.46288055874,-0.523598775598,0.840343713923
15.85,70.1614379883,-5.49778714378,-0.494509954732,0.759541433738
15.9,69.2474365234,-5.5152404363,-0.426636039376,0.452492769036
15.95,67.5994873047,-5.53269372882,-0.475117407487,0.727220521664
16,65.8309936523,-5.56760031386,-0.426636039376,2.19243520235
16.05,64.4592285156,-5.58505360638,-0.213318019688,2.85501389987
16.1,64.0319824219,-5.58505360638,-0.0581776417331,1.99312291123
16.15,64.55078125,-5.58505360638,-0.00969627362219,0.883438263355
16.2,64.794921875,-5.58505360638,0,0.263954115271
16.25,64.4287109375,-5.58505360638,0,0.048481368111
16.3,65.283203125,-5.58505360638,0,0.00538681867899
16.35,64.7338867188,-5.58505360638,0,0
16.4,64.5812988281,-5.58505360638,0,0
16.45,65.1611328125,-5.58505360638,0,0
16.5,64.8254394531,-5.58505360638,0,0
16.55,64.7644042969,-5.58505360638,0,0
16.6,65.1000976563,-5.58505360638,0,0
16.65,64.9475097656,-5.58505360638,0,0
16.7,64.9169921875,-5.58505360638,0,-0.00538681867899
16.75,64.794921875,-5.58505360638,0,-0.048481368111
16.8,64.8559570313,-5.58505360638,0,-0.26934093395
16.85,64.9475097656,-5.58505360638,-0.00969627362219,-0.931919631466
16.9,64.8254394531,-5.58505360638,-0.0581776417331,-2.25169020782
16.95,64.8254394531,-5.58505360638,-0.22301429331,-3.70074443247
17,62.2024536133,-5.6025068989,-0.48481368111,-3.99163264114
17.05,58.4518432617,-5.63741348394,-0.678739153553,-3.0273920976
17.1,54.0603637695,-5.67232006898,-0.814486984264,-1.41673331258
17.15,49.9114990234,-5.72467994654,-0.824183257886,0.220859565839
17.2,45.703125,-5.75958653158,-0.736916795286,0.764928252417
17.25,40.7028198242,-5.79449311662,-0.70782797442,0.468653225073
17.3,36.0977172852,-5.82939970166,-0.698131700798,0.188538653765
17.35,31.1874389648,-5.8643062867,-0.698131700798,0.0808022801849
17.4,26.4297485352,-5.89921287174,-0.698131700798,0.231633203197
17.45,22.038269043,-5.93411945678,-0.688435427176,0.700286428269
17.5,17.707824707,-5.96902604182,-0.649650332687,1.51908286748
17.55,13.8961791992,-6.00393262686,-0.523598775598,2.04160427934
17.6,11.42578125,-6.02138591938,-0.39754721851,1.70223470256
17.65,9.74731445313,-6.0388392119,-0.349065850399,1.21203420277
17.7,8.37554931641,-6.05629250442,-0.31028075591,1.22280784013
17.75,7.61260986328,-6.07374579694,-0.213318019688,1.01272191165
17.8,7.00378417969,-6.07374579694,-0.184229198822,0.371690488851
17.85,6.21032714844,-6.09119908946,-0.184229198822,-0.0969627362218
17.9,5.53894042969,-6.09119908946,-0.203621746066,-0.263954115271
17.95,4.47235107422,-6.10865238198,-0.261799387799,0.517134593184
18,3.83148193359,-6.1261056745,-0.164836651577,1.49214877408
18.05,3.67889404297,-6.1261056745,-0.0484813681109,1.32515739503
18.1,3.67889404297,-6.1261056745,-0.00969627362219,0.662578697516
18.15,3.67889404297,-6.1261056745,0,0.220859565839
18.2,3.67889404297,-6.1261056745,0,0.043094549432
18.25,3.70941162109,-6.1261056745,0,0.00538681867899
18.3,3.70941162109,-6.1261056745,0,0
18.35,3.70941162109,-6.1261056745,0,0
18.4,3.70941162109,-6.1261056745,0,0
18.45,3.70941162109,-6.1261056745,0,0
18.5,3.70941162109,-6.1261056745,0,0
18.55,3.70941162109,-6.1261056745,0,0
18.6,3.70941162109,-6.1261056745,0,-0.010773637358
18.65,3.70941162109,-6.1261056745,0,-0.0861890988639
18.7,3.67889404297,-6.1261056745,0,-0.447105950357
18.75,3.67889404297,-6.1261056745,-0.0193925472444,-1.35747830711
18.8,3.67889404297,-6.1261056745,-0.0969627362219,-2.80114571308
18.85,3.64837646484,-6.1261056745,-0.339369576777,-3.31289348758
18.9,2.8564453125,-6.16101225954,-0.552687596465,-1.55140377955
18.95,1.8798828125,-6.19591884458,-0.504206228354,0.420171856962
19,1.69677734375,-6.2133721371,-0.407243492132,0.587163236011
19.05,1.69677734375,-6.23082542962,-0.39754721851,-0.204699109802
19.1,1.97143554688,-6.24827872214,-0.475117407487,-0.312435483382
19.15,2.42919921875,-6.28318530718,-0.475117407487,0.350143214135
19.2,3.25164794922,-6.3006385997,-0.39754721851,0.339369576777
19.25,4.19769287109,-6.31809189222,-0.39754721851,-0.37707730753
19.3,5.38635253906,-6.33554518474,-0.475117407487,-0.490200499788
19.35,6.82067871094,-6.37045176978,-0.48481368111,0.0484813681111
19.4,8.52813720703,-6.3879050623,-0.426636039376,-0.0269340933949
19.45,10.3271484375,-6.40535835482,-0.48481368111,-0.156217741691
19.5,12.2177124023,-6.44026493986,-0.48481368111,0.425558675641
19.55,14.4744873047,-6.45771823238,-0.416939765754,0.737994159022
19.6,17.0364379883,-6.4751715249,-0.436332312999,1.50292241144
19.65,19.7814941406,-6.51007810994,-0.300584482288,2.67724888346
19.7,21.2448120117,-6.51007810994,-0.0872664625997,2.36481340008
19.75,21.305847168,-6.51007810994,-0.0193925472444,1.1797132907
19.8,21.2448120117,-6.51007810994,0,0.409398219604
19.85,21.4889526367,-6.51007810994,0,0.0808022801849
19.9,21.3973999023,-6.51007810994,0,0.010773637358
19.95,21.4889526367,-6.51007810994,0,0
20,21.5194702148,-6.51007810994,0,0
20.05,21.4889526367,-6.51007810994,0,0
20.1,21.3973999023,-6.51007810994,0,0
20.15,21.5194702148,-6.51007810994,0,0
20.2,21.4584350586,-6.51007810994,0,0
20.25,21.4889526367,-6.51007810994,0,-0.00538681867899
20.3,21.4279174805,-6.51007810994,0,-0.037707730753
20.35,21.4279174805,-6.51007810994,0,-0.193925472444
20.4,21.3668823242,-6.51007810994,-0.00969627362219,-0.560229142615
20.45,21.3363647461,-6.51007810994,-0.0387850944888,-1.26051557088
20.5,21.305847168,-6.51007810994,-0.145444104333,-1.85306562557
20.55,21.5805053711,-6.52753140246,-0.22301429331,-2.3594265814
20.6,21.6415405273,-6.52753140246,-0.378154671265,-2.75266434497
20.65,25.910949707,-6.5624379875,-0.572080143709,-1.88538653765
20.7,29.6615600586,-6.59734457254,-0.562383870087,-1.01810873033
20.75,33.3526611328,-6.61479786506,-0.601168964576,-1.24435511485
20.8,37.5915527344,-6.6497044501,-0.746613068909,-0.571002779974
20.85,41.6778564453,-6.70206432766,-0.688435427176,0.495587318467
20.9,45.0942993164,-6.71951762018,-0.610865238198,0.140057285654
20.95,47.7462768555,-6.75442420522,-0.669042879931,-0.37707730753
21,50.7049560547,-6.78933079026,-0.688435427176,-0.296275027345
21.05,53.205871582,-6.8242373753,-0.698131700798,-0.150830923012
21.1,55.126953125,-6.85914396034,-0.698131700798,-0.0700286428269
21.15,56.8649291992,-6.89405054538,-0.698131700798,-0.188538653765
21.2,58.1161499023,-6.92895713042,-0.70782797442,-0.474040043752
21.25,58.3602905273,-6.96386371546,-0.736916795286,-0.80263598317
21.3,58.024597168,-6.9987703005,-0.824183257886,-0.404011400924
21.35,56.4682006836,-7.05113017806,-0.824183257886,0.942693268824
21.4,54.8217773438,-7.0860367631,-0.717524248042,2.21398247707
21.45,52.7481079102,-7.12094334814,-0.610865238198,3.50143214135
21.5,50.6134033203,-7.15584993318,-0.349065850399,4.19094493226
21.55,49.6078491211,-7.15584993318,-0.0969627362219,3.06509982835
21.6,49.8199462891,-7.15584993318,-0.0193925472444,1.40595967522
21.65,49.7894287109,-7.15584993318,0,0.452492769036
21.7,50.1556396484,-7.15584993318,0,0.0861890988639
21.75,50.2166748047,-7.15584993318,0,0.010773637358
21.8,50.2777099609,-7.15584993318,0,0
21.85,50.3692626953,-7.15584993318,0,0
21.9,50.2166748047,-7.15584993318,0,0
21.95,50.2166748047,-7.15584993318,0,0
22,50.2777099609,-7.15584993318,0,0
22.05,50.1556396484,-7.15584993318,0,0
22.1,50.0946044922,-7.15584993318,0,0
22.15,49.9420166016,-7.15584993318,0,0
22.2,49.9420166016,-7.15584993318,0,0
22.25,49.9725341797,-7.15584993318,0,0
22.3,49.8809814453,-7.15584993318,0,0
22.35,49.7894287109,-7.15584993318,0,0
22.4,49.8504638672,-7.15584993318,0,-0.016160456037
22.45,49.9114990234,-7.15584993318,0,-0.123896829617
22.5,49.7894287109,-7.15584993318,0,-0.635644604121
22.55,49.4247436523,-7.15584993318,-0.0290888208666,-1.87461290029
22.6,49.2416381836,-7.15584993318,-0.135747830711,-3.84080171812
22.65,49.0585327148,-7.15584993318,-0.475117407487,-4.50338041564
22.7,45.1858520508,-7.20820981074,-0.727220521664,-2.57489932856
22.75,40.1229858398,-7.24311639578,-0.717524248042,-0.770315071096
22.8,36.2503051758,-7.27802298082,-0.717524248042,-0.447105950357
22.85,33.2000732422,-7.31292956586,-0.736916795286,-0.673352334874
22.9,30.0277709961,-7.3478361509,-0.824183257886,-0.231633203197
22.95,24.5086669922,-7.40019602846,-0.814486984264,1.23896829617
23,19.5983886719,-7.4351026135,-0.688435427176,2.54257841649
23.05,16.0003662109,-7.47000919854,-0.523598775598,3.09203392174
23.1,13.8656616211,-7.48746249106,-0.349065850399,2.75805116365
23.15,12.5534057617,-7.50491578358,-0.203621746066,1.34670466975
23.2,12.4923706055,-7.50491578358,-0.145444104333,-1.23358147749
23.25,12.4008178711,-7.50491578358,-0.358762124021,-3.00584482288
23.3,9.19952392578,-7.53982236862,-0.591472690954,-1.96080199915
23.35,6.33239746094,-7.57472895366,-0.62056151182,0.366303670172
23.4,4.31976318359,-7.6096355387,-0.494509954732,1.49214877408
23.45,3.77044677734,-7.62708883122,-0.329673303154,-0.0269340933949
23.5,3.77044677734,-7.62708883122,-0.446028586621,-2.38636067479
23.55,2.734375,-7.66199541626,-0.727220521664,-1.85306562557
23.6,1.7578125,-7.71435529381,-0.756309342531,1.06120327976
23.65,1.84936523438,-7.74926187885,-0.552687596465,2.93042936137
23.7,2.3681640625,-7.76671517137,-0.368458397643,2.94658981741
23.75,2.58178710938,-7.78416846389,-0.22301429331,2.06315155405
23.8,2.70385742188,-7.78416846389,-0.174532925199,1.28744966428
23.85,3.52630615234,-7.80162175641,-0.135747830711,1.23896829617
23.9,3.73992919922,-7.80162175641,-0.0387850944888,1.04504282373
23.95,3.73992919922,-7.80162175641,-0.00969627362219,0.517134593184
24,3.73992919922,-7.80162175641,0,0.188538653765
24.05,3.73992919922,-7.80162175641,0,0.037707730753
24.1,3.70941162109,-7.80162175641,0,0.005386818679
24.15,3.73992919922,-7.80162175641,0,0
24.2,3.73992919922,-7.80162175641,0,0
24.25,3.70941162109,-7.80162175641,0,0
24.3,3.70941162109,-7.80162175641,0,-0.00538681867899
24.35,3.70941162109,-7.80162175641,0,-0.048481368111
24.4,3.70941162109,-7.80162175641,0,-0.263954115271
24.45,3.67889404297,-7.80162175641,-0.00969627362219,-0.888825082034
24.5,3.73992919922,-7.80162175641,-0.0581776417331,-2.0254438233
24.55,3.83148193359,-7.80162175641,-0.213318019688,-3.00584482288
24.6,4.56390380859,-7.81907504893,-0.436332312999,-2.51564432309
24.65,5.81359863281,-7.85398163397,-0.504206228354,-1.21203420277
24.7,7.76519775391,-7.87143492649,-0.523598775598,-0.420171856962
24.75,9.68627929688,-7.90634151153,-0.523598775598,-0.118510010938
24.8,11.9125366211,-7.92379480405,-0.523598775598,-0.199312291123
24.85,14.7796630859,-7.95870138909,-0.53329504922,-0.511747774505
24.9,17.7993774414,-7.97615468161,-0.562383870087,-0.996561455614
24.95,22.1908569336,-8.01106126665,-0.659346606309,-0.96424054354
25,27.1621704102,-8.04596785169,-0.688435427176,-0.328595939419
25.05,31.4926147461,-8.08087443673,-0.688435427176,0.290888208666
25.1,35.7925415039,-8.11578102177,-0.659346606309,0.813409620528
25.15,39.4821166992,-8.15068760681,-0.572080143709,0.673352334874
25.2,43.9651489258,-8.16814089933,-0.562383870087,0.021547274716
25.25,47.7157592773,-8.20304748437,-0.62056151182,0.188538653765
25.3,51.4373779297,-8.23795406941,-0.552687596465,0.53329504922
25.35,54.4250488281,-8.25540736193,-0.53329504922,0.360916851493
25.4,57.3532104492,-8.29031394697,-0.523598775598,0.301661846024
25.45,60.3118896484,-8.30776723949,-0.513902501976,0.355530032814
25.5,62.4771118164,-8.34267382453,-0.494509954732,0.495587318467
25.55,64.0930175781,-8.36012711705,-0.426636039376,0.00538681867889
25.6,65.5563354492,-8.37758040957,-0.494509954732,-0.452492769036
25.65,67.1127319336,-8.41248699461,-0.513902501976,-0.134670466975
25.7,68.2098388672,-8.42994028713,-0.513902501976,0.360916851493
25.75,69.0338134766,-8.46484687217,-0.48481368111,0.969627362219
25.8,69.4915771484,-8.48230016469,-0.387850944888,1.00194827429
25.85,70.0088500977,-8.49975345721,-0.358762124021,0.554842323937
25.9,70.588684082,-8.51720674973,-0.349065850399,0.414785038283
25.95,70.8023071289,-8.53466004225,-0.339369576777,0.737994159022
26,70.9854125977,-8.55211333477,-0.300584482288,1.51908286748
26.05,71.9009399414,-8.56956662729,-0.174532925199,2.00389654859
26.1,71.9009399414,-8.56956662729,-0.048481368111,1.5136960488
26.15,71.809387207,-8.56956662729,-0.00969627362219,0.700286428269
26.2,72.0825195313,-8.56956662729,0,0.226246384518
26.25,72.265625,-8.56956662729,0,0.043094549432
26.3,72.1130371094,-8.56956662729,0,0.00538681867899
26.35,72.2351074219,-8.56956662729,0,0
26.4,72.1435546875,-8.56956662729,0,0
26.45,72.1740722656,-8.56956662729,0,0
26.5,72.2961425781,-8.56956662729,0,0
26.55,72.3571777344,-8.56956662729,0,0
26.6,72.2351074219,-8.56956662729,0,-0.00538681867899
26.65,72.1435546875,-8.56956662729,0,-0.048481368111
26.7,72.1435546875,-8.56956662729,0,-0.26934093395
26.75,71.7178344727,-8.56956662729,-0.00969627362219,-0.921145994108
26.8,71.5347290039,-8.56956662729,-0.0581776417331,-2.17627474631
26.85,71.7788696289,-8.56956662729,-0.22301429331,-3.3344407623
26.9,70.832824707,-8.58701991981,-0.465421133865,-3.04355255363
26.95,69.0948486328,-8.62192650485,-0.601168964576,-1.40057285654
27,66.8685913086,-8.65683308989,-0.562383870087,-0.430945494319
27.05,64.6118164063,-8.67428638241,-0.572080143709,-0.716446884306
27.1,61.7752075195,-8.70919296745,-0.659346606309,-0.6410314228
27.15,57.7499389648,-8.74409955249,-0.678739153553,0.183151835086
27.2,54.6691894531,-8.77900613753,-0.649650332687,1.14200555995
27.25,51.8035888672,-8.81391272257,-0.53329504922,1.45444104333
27.3,48.9974975586,-8.83136601509,-0.436332312999,0.511747774504
27.35,46.2524414063,-8.84881930761,-0.494509954732,-0.263954115271
27.4,42.9290771484,-8.88372589265,-0.513902501976,-0.102349554901
27.45,39.4821166992,-8.90117918517,-0.513902501976,0.32320912074
27.5,36.311340332,-8.93608577021,-0.48481368111,0.743380977701
27.55,33.2916259766,-8.95353906273,-0.39754721851,0.301661846024
27.6,30.6076049805,-8.97099235525,-0.407243492132,-0.958853724861
27.65,27.83203125,-8.98844564777,-0.523598775598,-1.59449832898
27.7,24.5697021484,-9.02335223281,-0.639954059065,-0.818796439207
27.75,20.2697753906,-9.05825881785,-0.639954059065,0.603323692047
27.8,16.4260864258,-9.09316540289,-0.53329504922,1.16355283466
27.85,13.5604858398,-9.11061869541,-0.446028586621,0.409398219604
27.9,11.4868164063,-9.12807198793,-0.513902501976,0.091575917543
27.95,8.55865478516,-9.16297857297,-0.552687596465,1.73994243332
28,6.63757324219,-9.19788515801,-0.339369576777,3.35060121833
28.05,6.02722167969,-9.19788515801,-0.0969627362219,2.80653253176
28.1,6.05773925781,-9.19788515801,-0.0193925472444,1.35747830711
28.15,6.08825683594,-9.19788515801,0,0.447105950357
28.2,6.11877441406,-9.19788515801,0,0.0861890988639
28.25,6.11877441406,-9.19788515801,0,0.010773637358
28.3,6.11877441406,-9.19788515801,0,0
28.35,6.14929199219,-9.19788515801,0,0
28.4,6.14929199219,-9.19788515801,0,0
28.45,6.11877441406,-9.19788515801,0,0
28.5,6.14929199219,-9.19788515801,0,0
28.55,6.11877441406,-9.19788515801,0,0
28.6,6.11877441406,-9.19788515801,0,-0.016160456037
28.65,6.11877441406,-9.19788515801,0,-0.123896829617
28.7,6.08825683594,-9.19788515801,0,-0.646418241479
28.75,6.05773925781,-9.19788515801,-0.0290888208666,-1.9500283618
28.8,6.05773925781,-9.19788515801,-0.135747830711,-4.21249220697
28.85,5.93566894531,-9.19788515801,-0.494509954732,-5.48378141522
28.9,3.46527099609,-9.25024503557,-0.804790710642,-4.34716267395
28.95,2.21557617188,-9.28515162061,-0.979323635841,-2.04160427934
29,1.72729492188,-9.35496479069,-0.998716183086,0.188538653765
29.05,2.42919921875,-9.38987137573,-0.901753446864,1.23896829617
29.1,3.95355224609,-9.44223125329,-0.843575805131,1.50292241144
29.15,6.21032714844,-9.47713783833,-0.736916795286,1.37363876314
29.2,8.68072509766,-9.51204442337,-0.698131700798,1.06659009844
29.25,11.7904663086,-9.54695100841,-0.659346606309,1.23358147749
29.3,15.0543212891,-9.58185759345,-0.562383870087,1.22280784013
29.35,17.2500610352,-9.59931088597,-0.523598775598,0.991174636935
29.4,19.5373535156,-9.63421747101,-0.48481368111,1.00733509297
29.45,21.4889526367,-9.65167076353,-0.39754721851,0.565615961294
29.5,24.2340087891,-9.66912405605,-0.39754721851,-0.290888208666
29.55,26.9790649414,-9.68657734857,-0.475117407487,-0.258567296592
29.6,29.4494628906,-9.72148393361,-0.475117407487,0.754154615059
29.65,31.9183349609,-9.73893722613,-0.378154671265,1.51908286748
29.7,33.8714599609,-9.75639051865,-0.31028075591,1.98773609255
29.75,35.7009887695,-9.77384381117,-0.174532925199,2.18704838367
29.8,35.9146118164,-9.77384381117,-0.0484813681109,1.55140377955
29.85,36.0366821289,-9.77384381117,-0.00969627362219,0.705673246948
29.9,36.1282348633,-9.77384381117,0,0.226246384518
29.95,36.2808227539,-9.77384381117,0,0.043094549432
30,36.3403320313,-9.77384381117,0,0.00538681867899
30.05,36.1587524414,-9.77384381117,0,0
30.1,36.4013671875,-9.77384381117,0,0
30.15,36.3403320313,-9.77384381117,0,0
30.2,36.2503051758,-9.77384381117,0,0
30.25,36.3403320313,-9.77384381117,0,0
30.3,36.2197875977,-9.77384381117,0,-0.010773637358
30.35,36.2197875977,-9.77384381117,0,-0.0861890988639
30.4,36.067199707,-9.77384381117,0,-0.452492769036
30.45,35.9146118164,-9.77384381117,-0.0193925472444,-1.39518603786
30.5,35.9146118164,-9.77384381117,-0.0969627362219,-2.98968436684
30.55,35.8535766602,-9.77384381117,-0.349065850399,-3.82464126209
30.6,40.4891967773,-9.80875039621,-0.591472690954,-2.54796523516
30.65,43.6904907227,-9.84365698125,-0.639954059065,-0.544068686578
30.7,46.0693359375,-9.87856356629,-0.572080143709,0.258567296592
30.75,49.3026733398,-9.89601685881,-0.562383870087,0.0861890988638
30.8,51.8646240234,-9.93092344385,-0.610865238198,0.506360955826
30.85,53.8772583008,-9.96583002889,-0.523598775598,1.0504296424
30.9,55.2185058594,-9.98328332141,-0.436332312999,0.479426862431
30.95,56.6513061523,-10.0007366139,-0.48481368111,-0.010773637358
31,57.4752807617,-10.035643199,-0.48481368111,0.231633203197
31.05,58.1161499023,-10.0530964915,-0.426636039376,-2.97601449656E-014
31.1,58.268737793,-10.070549784,-0.48481368111,-0.231633203197
31.15,58.2382202148,-10.105456369,-0.48481368111,0.0107736373579
31.2,58.1771850586,-10.1229096616,-0.436332312999,-0.474040043752
31.25,57.8414916992,-10.1403629541,-0.523598775598,-1.01272191165
31.3,56.5292358398,-10.1752695391,-0.610865238198,-0.328595939419
31.35,55.2490234375,-10.2101761242,-0.552687596465,0.339369576777
31.4,53.3889770508,-10.2276294167,-0.53329504922,0.290888208666
31.45,51.2847900391,-10.2625360017,-0.523598775598,0.156217741691
31.5,49.089050293,-10.2799892942,-0.523598775598,0.113123192259
31.55,47.1374511719,-10.3148958793,-0.523598775598,0.420171856962
31.6,44.270324707,-10.3323491718,-0.504206228354,1.21203420277
31.65,41.6168212891,-10.3672557568,-0.436332312999,2.51564432309
31.7,39.0548706055,-10.3847090494,-0.213318019688,3.00584482288
31.75,38.7802124023,-10.3847090494,-0.0581776417331,2.0254438233
31.8,38.9633178711,-10.3847090494,-0.00969627362219,0.888825082034
31.85,39.0853881836,-10.3847090494,0,0.263954115271
31.9,39.0853881836,-10.3847090494,0,0.048481368111
31.95,39.176940918,-10.3847090494,0,0.00538681867899
32,39.2379760742,-10.3847090494,0,0
32.05,39.0548706055,-10.3847090494,0,0
32.1,39.176940918,-10.3847090494,0,0
32.15,39.1464233398,-10.3847090494,0,-0.016160456037
32.2,39.0548706055,-10.3847090494,0,-0.123896829617
32.25,39.1159057617,-10.3847090494,0,-0.6410314228
32.3,38.932800293,-10.3847090494,-0.0290888208666,-1.91770744972
32.35,38.5971069336,-10.3847090494,-0.135747830711,-4.07243492132
32.4,38.0798339844,-10.3847090494,-0.48481368111,-5.23598775598
32.45,34.2971801758,-10.4370689269,-0.775701889775,-4.22865266301
32.5,28.2592773438,-10.471975512,-0.901753446864,-3.0273920976
32.55,23.5931396484,-10.5243353895,-1.0471975512,-2.12240655952
32.6,17.2805786133,-10.5766952671,-1.15385656104,-0.603323692048
32.65,10.9375,-10.6465084372,-1.1344640138,1.23358147749
32.7,6.69860839844,-10.6988683147,-0.959931088597,1.94464154312
32.75,4.22821044922,-10.7337748998,-0.901753446864,2.07931201009
32.8,2.42919921875,-10.7861347773,-0.862968352375,3.91083036095
32.85,1.6357421875,-10.8384946549,-0.513902501976,5.57535733276
32.9,1.66625976563,-10.8384946549,-0.145444104333,4.36332312999
32.95,1.66625976563,-10.8384946549,-0.0290888208666,2.06315155406
33,1.66625976563,-10.8384946549,0,0.673352334874
33.05,1.6357421875,-10.8384946549,0,0.129283648296
33.1,1.6357421875,-10.8384946549,0,0.016160456037
33.15,1.6357421875,-10.8384946549,0,0
33.2,1.60522460938,-10.8384946549,0,0
33.25,1.60522460938,-10.8384946549,0,0
33.3,1.60522460938,-10.8384946549,0,-0.005386818679
33.35,1.60522460938,-10.8384946549,0,-0.048481368111
33.4,1.57470703125,-10.8384946549,0,-0.26934093395
33.45,1.54418945313,-10.8384946549,-0.00969627362219,-0.926532812787
33.5,1.513671875,-10.8384946549,-0.0581776417331,-2.21936929575
33.55,1.48315429688,-10.8384946549,-0.22301429331,-3.54991350946
33.6,1.60522460938,-10.8559479474,-0.475117407487,-3.66303670172
33.65,2.18505859375,-10.8908545324,-0.649650332687,-2.50487068573
33.7,3.49578857422,-10.9257611175,-0.717524248042,-1.26590238956
33.75,5.63049316406,-10.9606677025,-0.785398163397,0.0538681867899
33.8,9.35211181641,-11.0130275801,-0.698131700798,0.931919631466
33.85,11.5478515625,-11.0304808726,-0.610865238198,0.32320912074
33.9,14.0167236328,-11.0653874576,-0.669042879931,-0.301661846024
33.95,18.440246582,-11.1002940427,-0.688435427176,-0.10773637358
34,22.6791381836,-11.1352006277,-0.688435427176,0.333982758098
34.05,27.6794433594,-11.1701072128,-0.659346606309,0.818796439207
34.1,32.1319580078,-11.2050137978,-0.572080143709,0.667965516195
34.15,35.3042602539,-11.2224670903,-0.562383870087,-0.016160456037
34.2,38.932800293,-11.2573736754,-0.62056151182,5.4894360662E-015
34.25,43.2632446289,-11.2922802604,-0.562383870087,0.010773637358
34.3,47.5021362305,-11.3097335529,-0.572080143709,-0.716446884306
34.35,51.2237548828,-11.344640138,-0.659346606309,-1.06659009844
34.4,54.638671875,-11.379546723,-0.698131700798,-1.08813737316
34.45,58.4213256836,-11.414453308,-0.746613068909,-1.20126056542
34.5,62.9043579102,-11.4493598931,-0.853272078753,-0.414785038283
34.55,67.7215576172,-11.5017197706,-0.892057173242,2.20859565839
34.6,70.5276489258,-11.5540796482,-0.639954059065,4.8212027177
34.65,71.7178344727,-11.5715329407,-0.271495661421,4.80504226166
34.7,72.021484375,-11.5715329407,-0.0678739153553,2.8711743559
34.75,71.9009399414,-11.5715329407,-0.00969627362219,1.14739237863
34.8,72.3266601563,-11.5715329407,0,0.312435483382
34.85,72.4792480469,-11.5715329407,0,0.05386818679
34.9,72.998046875,-11.5715329407,0,0.005386818679
34.95,73.0590820313,-11.5715329407,0,0
35,73.0285644531,-11.5715329407,0,0
35.05,73.3337402344,-11.5715329407,0,0
35.1,73.2421875,-11.5715329407,0,0
35.15,73.2421875,-11.5715329407,0,0
35.2,73.2421875,-11.5715329407,0,0
35.25,73.2116699219,-11.5715329407,0,0
35.3,73.0590820313,-11.5715329407,0,0
35.35,72.9064941406,-11.5715329407,0,0
35.4,72.3266601563,-11.5715329407,0,0
35.45,72.5708007813,-11.5715329407,0,-0.021547274716
35.5,73.1201171875,-11.5715329407,0,-0.156217741691
35.55,72.5402832031,-11.5715329407,0,-0.781088708454
35.6,72.3876953125,-11.5715329407,-0.0387850944888,-2.17088792764
35.65,72.6013183594,-11.5715329407,-0.164836651577,-4.21787902565
35.7,72.4487304688,-11.5715329407,-0.562383870087,-4.35793631131
35.75,72.75390625,-11.6413461108,-0.736916795287,-2.0254438233
35.8,72.9370117188,-11.6587994033,-0.669042879931,-1.03965600505
35.85,71.7788696289,-11.6937059884,-0.804790710642,-0.624870966763
35.9,68.7286376953,-11.7460658659,-0.804790710642,0.770315071096
35.95,66.1666870117,-11.780972451,-0.698131700798,1.50292241144
36,64.0930175781,-11.815879036,-0.581776417331,0.899598719392
36.05,61.653137207,-11.8333323285,-0.572080143709,-0.490200499789
36.1,58.8165283203,-11.8682389136,-0.669042879931,-1.2066473841
36.15,55.1879882813,-11.9031454986,-0.727220521664,-1.06120327976
36.2,50.2471923828,-11.9380520836,-0.814486984264,-0.0215472747161
36.25,44.9417114258,-11.9904119612,-0.775701889775,1.6914610652
36.3,40.6112670898,-12.0253185462,-0.572080143709,1.8476788069
36.35,37.1337890625,-12.0427718388,-0.465421133865,-0.404011400925
36.4,33.9324951172,-12.0602251313,-0.591472690954,-3.05971300967
36.45,29.6310424805,-12.0951317163,-0.862968352375,-3.79232035001
36.5,23.4100341797,-12.1474915939,-1.10537519293,-1.68607424653
36.55,15.4205322266,-12.217304764,-1.10537519293,2.00928336727
36.6,9.80834960938,-12.2696646415,-0.853272078753,4.76194771223
36.65,6.85119628906,-12.3045712266,-0.533295049221,5.45684732182
36.7,5.93566894531,-12.3220245191,-0.232710566933,4.39564404206
36.75,5.90515136719,-12.3220245191,-0.0581776417331,2.47793659234
36.8,5.90515136719,-12.3220245191,-0.00969627362219,0.975014180898
36.85,5.90515136719,-12.3220245191,0,0.274727752629
36.9,5.84411621094,-12.3220245191,0,0.048481368111
36.95,5.93566894531,-12.3220245191,0,0.005386818679
37,5.93566894531,-12.3220245191,0,0
37.05,5.93566894531,-12.3220245191,0,0
37.1,5.93566894531,-12.3220245191,0,0
37.15,5.96618652344,-12.3220245191,0,0
37.2,5.93566894531,-12.3220245191,0,0
37.25,5.96618652344,-12.3220245191,0,0
37.3,6.02722167969,-12.3220245191,0,-0.016160456037
37.35,6.05773925781,-12.3220245191,0,-0.123896829617
37.4,6.05773925781,-12.3220245191,0,-0.635644604121
37.45,6.05773925781,-12.3220245191,-0.0290888208666,-1.86922608161
37.5,6.05773925781,-12.3220245191,-0.135747830711,-3.80309398737
37.55,5.81359863281,-12.3220245191,-0.475117407487,-4.31484176188
37.6,3.34320068359,-12.3743843966,-0.717524248042,-2.06315155406
37.65,2.21557617188,-12.4092909817,-0.678739153553,0.220859565839
37.7,1.81884765625,-12.4441975667,-0.581776417331,0.474040043752
37.75,1.7578125,-12.4616508592,-0.572080143709,-0.576389598653
37.8,2.15454101563,-12.4965574443,-0.669042879931,-1.25512875221
37.85,3.03802490234,-12.5314640293,-0.727220521664,-1.24435511485
37.9,5.02166748047,-12.5663706144,-0.824183257886,-0.490200499789
37.95,7.76519775391,-12.6187304919,-0.814486984264,0.931919631466
38,11.2426757813,-12.653637077,-0.698131700798,1.65914015313
38.05,14.1082763672,-12.688543662,-0.581776417331,1.15277919731
38.1,16.4566040039,-12.7059969545,-0.562383870087,0.210085928481
38.15,19.2016601563,-12.7409035396,-0.62056151182,0.258567296592
38.2,23.2269287109,-12.7758101246,-0.552687596465,0.673352334874
38.25,26.4602661133,-12.7932634171,-0.523598775598,0.576389598653
38.3,29.1137695313,-12.8281700022,-0.494509954732,0.26934093395
38.35,31.7367553711,-12.8456232947,-0.446028586621,-0.953466906182
38.4,34.5718383789,-12.8630765872,-0.572080143709,-2.29478475725
38.45,38.2629394531,-12.8979831722,-0.775701889775,-1.76687652671
38.5,43.293762207,-12.9503430498,-0.814486984264,0.0969627362219
38.55,47.3510742188,-12.9852496348,-0.727220521664,1.51908286748
38.6,49.8809814453,-13.0201562199,-0.649650332687,2.64492797139
38.65,52.8091430664,-13.0550628049,-0.475117407487,3.69535761379
38.7,53.7857055664,-13.0725160974,-0.22301429331,3.55530032814
38.75,53.9077758789,-13.0725160974,-0.0581776417331,2.21936929575
38.8,53.938293457,-13.0725160974,-0.00969627362219,0.926532812787
38.85,54.1809082031,-13.0725160974,0,0.26934093395
38.9,54.39453125,-13.0725160974,0,0.048481368111
38.95,54.39453125,-13.0725160974,0,0.005386818679
39,54.4555664063,-13.0725160974,0,0
39.05,54.4555664063,-13.0725160974,0,0
39.1,54.4860839844,-13.0725160974,0,0
39.15,54.4250488281,-13.0725160974,0,-0.016160456037
39.2,54.5166015625,-13.0725160974,0,-0.129283648296
39.25,54.1213989258,-13.0725160974,0,-0.678739153553
39.3,54.2724609375,-13.0725160974,-0.0290888208666,-2.10085928481
39.35,53.8162231445,-13.0725160974,-0.145444104333,-4.53570132771
39.4,54.1519165039,-13.0725160974,-0.523598775598,-5.95782145897
39.45,56.103515625,-13.124875975,-0.901753446864,-4.23403948169
39.5,57.3837280273,-13.1772358526,-1.00841245671,-0.991174636935
39.55,56.9869995117,-13.2295957301,-0.979323635841,2.00928336727
39.6,55.8288574219,-13.2819556077,-0.785398163397,4.19633175094
39.65,54.638671875,-13.3168621927,-0.446028586621,3.9485380917
39.7,54.2419433594,-13.3168621927,-0.281191935044,1.50292241144
39.75,53.6636352539,-13.3343154852,-0.329673303155,-0.549455505257
39.8,52.7786254883,-13.3517687778,-0.387850944888,-1.53524332351
39.85,50.7049560547,-13.3692220703,-0.513902501976,-1.65914015313
39.9,48.0209350586,-13.4041286553,-0.610865238198,-0.689512790911
39.95,45.2453613281,-13.4390352404,-0.562383870087,0.010773637358
40,42.2271728516,-13.4564885329,-0.562383870087,-0.016160456037
40.05,38.5971069336,-13.4913951179,-0.610865238198,0.662578697516
40.1,35.1821899414,-13.526301703,-0.513902501976,1.56756423559
40.15,32.6812744141,-13.5437549955,-0.39754721851,1.55679059823
40.2,30.5160522461,-13.561208288,-0.349065850399,1.36286512579
40.25,28.7475585938,-13.5786615805,-0.300584482288,1.73455561464
40.3,27.2537231445,-13.596114873,-0.174532925199,2.04699109802
40.35,27.0706176758,-13.596114873,-0.048481368111,1.51908286748
40.4,27.0706176758,-13.596114873,-0.00969627362219,0.700286428269
40.45,27.131652832,-13.596114873,0,0.226246384518
40.5,27.1621704102,-13.596114873,0,0.043094549432
40.55,27.1011352539,-13.596114873,0,0.005386818679
40.6,27.375793457,-13.596114873,0,0
40.65,27.4353027344,-13.596114873,0,0
40.7,27.5268554688,-13.596114873,0,0
40.75,27.4353027344,-13.596114873,0,0
40.8,27.5573730469,-13.596114873,0,0
40.85,27.5268554688,-13.596114873,0,0
40.9,27.4047851563,-13.596114873,0,0
40.95,27.4353027344,-13.596114873,0,-0.016160456037
41,27.3147583008,-13.596114873,0,-0.123896829617
41.05,27.2232055664,-13.596114873,0,-0.635644604121
41.1,27.131652832,-13.596114873,-0.0290888208666,-1.87461290029
41.15,27.0095825195,-13.596114873,-0.135747830711,-3.8461885368
41.2,26.7959594727,-13.596114873,-0.475117407487,-4.53570132771
41.25,21.4584350586,-13.6484747506,-0.727220521664,-2.72034343289
41.3,17.7993774414,-13.6833813356,-0.727220521664,-1.06659009844
41.35,13.9877319336,-13.7182879207,-0.746613068909,-0.829570076565
41.4,10.1440429688,-13.7531945057,-0.824183257886,-0.576389598652
41.45,7.12585449219,-13.8055543833,-0.833879531508,0.043094549432
41.5,4.65545654297,-13.8404609683,-0.775701889775,0.0053868186789
41.55,2.94647216797,-13.8753675534,-0.833879531508,-0.021547274716
41.6,1.8798828125,-13.9277274309,-0.824183257886,0.635644604122
41.65,1.69677734375,-13.962634016,-0.736916795287,0.673352334875
41.7,2.24609375,-13.997540601,-0.717524248042,0.05386818679
41.75,3.22113037109,-14.032447186,-0.736916795287,-0.360916851493
41.8,5.29479980469,-14.0673537711,-0.814486984264,0.474040043752
41.85,7.97882080078,-14.1197136486,-0.766005616153,2.70956979553
41.9,11.8209838867,-14.1546202337,-0.513902501976,4.33100221791
41.95,13.591003418,-14.1720735262,-0.232710566933,3.99163264114
42,13.7130737305,-14.1720735262,-0.0581776417331,2.39713431215
42.05,13.6520385742,-14.1720735262,-0.00969627362219,0.96424054354
42.1,13.8046264648,-14.1720735262,0,0.274727752629
42.15,13.8046264648,-14.1720735262,0,0.048481368111
42.2,13.835144043,-14.1720735262,0,0.005386818679
42.25,13.835144043,-14.1720735262,0,0
42.3,13.8046264648,-14.1720735262,0,-0.005386818679
42.35,13.8046264648,-14.1720735262,0,-0.048481368111
42.4,13.7130737305,-14.1720735262,0,-0.263954115271
42.45,13.7741088867,-14.1720735262,-0.00969627362219,-0.888825082034
42.5,13.7130737305,-14.1720735262,-0.0581776417332,-2.03083064198
42.55,13.7741088867,-14.1720735262,-0.213318019688,-3.03816573495
42.6,15.2374267578,-14.1895268187,-0.436332312999,-2.6664752461
42.65,18.3181762695,-14.2244334038,-0.513902501976,-1.54063014219
42.7,21.8246459961,-14.2418866963,-0.552687596465,-0.948080087503
42.75,25.0579833984,-14.2767932813,-0.62056151182,-0.307048664703
42.8,29.296875,-14.3116998664,-0.562383870087,-0.21547274716
42.85,33.4136962891,-14.3291531589,-0.581776417331,-1.15816601598
42.9,37.2253417969,-14.3640597439,-0.698131700798,-1.70223470256
42.95,41.8914794922,-14.398966329,-0.814486984264,-1.1527791973
43,46.8322753906,-14.4513262065,-0.833879531508,-0.16160456037
43.05,51.8341064453,-14.4862327916,-0.775701889775,0.0107736373581
43.1,56.7428588867,-14.5211393766,-0.833879531508,0.247793659234
43.15,60.5560302734,-14.5734992542,-0.814486984264,1.59988514766
43.2,63.57421875,-14.6084058392,-0.678739153553,3.06509982835
43.25,65.6784057617,-14.6433124242,-0.48481368111,3.99701945981
43.3,66.5939331055,-14.6607657168,-0.22301429331,3.70074443247
43.35,66.9296264648,-14.6607657168,-0.0581776417331,2.25169020782
43.4,67.0822143555,-14.6607657168,-0.00969627362219,0.931919631466
43.45,67.9656982422,-14.6607657168,0,0.26934093395
43.5,67.8741455078,-14.6607657168,0,0.048481368111
43.55,68.0572509766,-14.6607657168,0,0.00538681867899
43.6,68.1793212891,-14.6607657168,0,0
43.65,68.6370849609,-14.6607657168,0,0
43.7,68.6981201172,-14.6607657168,0,0
43.75,68.7286376953,-14.6607657168,0,0
43.8,68.6065673828,-14.6607657168,0,0
43.85,68.6676025391,-14.6607657168,0,0
43.9,68.3624267578,-14.6607657168,0,0
43.95,68.4539794922,-14.6607657168,0,-0.005386818679
44,68.1182861328,-14.6607657168,0,-0.043094549432
44.05,68.0877685547,-14.6607657168,0,-0.231633203197
44.1,68.0572509766,-14.6607657168,-0.00969627362219,-0.743380977701
44.15,68.1488037109,-14.6607657168,-0.048481368111,-1.73455561464
44.2,68.0877685547,-14.6607657168,-0.184229198822,-2.6664752461
44.25,68.5760498047,-14.6782190093,-0.349065850399,-2.84424026251
44.3,69.6136474609,-14.6956723018,-0.504206228354,-2.23552975178
44.35,70.4971313477,-14.7305788868,-0.610865238198,-0.969627362219
44.4,70.3140258789,-14.7654854719,-0.562383870087,-0.479426862431
44.45,70.7107543945,-14.7829387644,-0.581776417331,-1.41673331258
44.5,69.8257446289,-14.8178453494,-0.70782797442,-2.32710566933
44.55,68.1488037109,-14.8527519345,-0.862968352375,-2.24630338914
44.6,65.3427124023,-14.905111812,-0.989019909463,-0.915759175429
44.65,61.164855957,-14.9574716896,-0.989019909463,1.19048692806
44.7,54.9133300781,-15.0098315672,-0.853272078753,2.98968436684
44.75,50.5523681641,-15.0447381522,-0.659346606309,4.01856673453
44.8,47.6547241211,-15.0796447372,-0.39754721851,3.85157535548
44.85,46.4660644531,-15.0796447372,-0.22301429331,2.58028614724
44.9,45.8862304688,-15.0970980298,-0.155140377955,1.45982786201
44.95,45.7641601563,-15.0970980298,-0.0775701889775,0.457879587715
45,44.270324707,-15.0970980298,-0.135747830711,0.0700286428271
45.05,43.1411743164,-15.1145513223,-0.126051557088,0.684125972232
45.1,43.2022094727,-15.1145513223,-0.0387850944888,0.851117351281
45.15,43.537902832,-15.1145513223,-0.00969627362219,0.47942686243
45.2,43.8735961914,-15.1145513223,0,0.183151835086
45.25,44.026184082,-15.1145513223,0,0.037707730753
45.3,44.0567016602,-15.1145513223,0,0.00538681867899
45.35,44.1787719727,-15.1145513223,0,0
45.4,43.9651489258,-15.1145513223,0,0
45.45,43.9346313477,-15.1145513223,0,0
45.5,44.1177368164,-15.1145513223,0,0
45.55,43.9041137695,-15.1145513223,0,0
45.6,43.8430786133,-15.1145513223,0,0
45.65,43.7515258789,-15.1145513223,0,0
45.7,43.6599731445,-15.1145513223,0,0
45.75,43.2632446289,-15.1145513223,0,-0.010773637358
45.8,43.049621582,-15.1145513223,0,-0.0808022801849
45.85,42.8985595703,-15.1145513223,0,-0.414785038283
45.9,42.6849365234,-15.1145513223,-0.0193925472444,-1.21742102145
45.95,42.8070068359,-15.1145513223,-0.0872664625997,-2.54796523517
46,42.7459716797,-15.1145513223,-0.31028075591,-3.15128892721
46.05,38.7802124023,-15.1494579073,-0.475117407487,-2.31094521329
46.1,35.2432250977,-15.1669111998,-0.542991322843,-1.19587374674
46.15,30.729675293,-15.2018177849,-0.610865238198,0.204699109802
46.2,27.2537231445,-15.2367243699,-0.513902501976,1.21203420277
46.25,24.8748779297,-15.2541776624,-0.407243492132,0.581776417332
46.3,22.1603393555,-15.271630955,-0.407243492132,-1.03426918637
46.35,18.7438964844,-15.2890842475,-0.533295049221,-2.25169020782
46.4,15.5426025391,-15.3239908325,-0.688435427176,-2.24630338914
46.45,11.7614746094,-15.3588974176,-0.814486984264,-1.00194827429
46.5,8.25347900391,-15.4112572951,-0.814486984264,0.737994159022
46.55,5.72204589844,-15.4461638801,-0.698131700798,1.58372469162
46.6,3.98406982422,-15.4810704652,-0.581776417331,0.96424054354
46.65,3.00750732422,-15.4985237577,-0.572080143709,-0.263954115271
46.7,2.09350585938,-15.5334303427,-0.659346606309,-0.544068686579
46.75,1.78833007813,-15.5683369278,-0.678739153553,0.274727752629
46.8,2.06298828125,-15.6032435128,-0.649650332687,1.55679059823
46.85,2.67333984375,-15.6381500979,-0.513902501976,2.6664752461
46.9,3.25164794922,-15.6556033904,-0.349065850399,3.02200527892
46.95,3.77044677734,-15.6730566829,-0.184229198822,2.70418297686
47,3.77044677734,-15.6730566829,-0.0484813681109,1.73994243332
47.05,3.77044677734,-15.6730566829,-0.00969627362219,0.743380977701
47.1,3.83148193359,-15.6730566829,0,0.231633203197
47.15,3.83148193359,-15.6730566829,0,0.043094549432
47.2,3.80096435547,-15.6730566829,0,0.00538681867899
47.25,3.80096435547,-15.6730566829,0,0
47.3,3.77044677734,-15.6730566829,0,0
47.35,3.77044677734,-15.6730566829,0,0
47.4,3.73992919922,-15.6730566829,0,0
47.45,3.77044677734,-15.6730566829,0,0
47.5,3.77044677734,-15.6730566829,0,0
47.55,3.77044677734,-15.6730566829,0,-0.005386818679
47.6,3.77044677734,-15.6730566829,0,-0.037707730753
47.65,3.80096435547,-15.6730566829,0,-0.193925472444
47.7,3.83148193359,-15.6730566829,-0.00969627362219,-0.571002779974
47.75,4.04510498047,-15.6730566829,-0.0387850944888,-1.34670466975
47.8,4.74700927734,-15.6730566829,-0.145444104333,-2.29478475725
47.85,4.74700927734,-15.6905099754,-0.242406840555,-3.66303670172
47.9,5.47790527344,-15.6905099754,-0.475117407487,-5.2575350307
47.95,7.39898681641,-15.7254165605,-0.901753446864,-4.16401083886
48,12.5228881836,-15.7952297305,-1.0471975512,-0.253180477913
48.05,18.1350708008,-15.8475896081,-0.862968352375,2.51564432309
48.1,21.8551635742,-15.8824961931,-0.630257785442,2.16550110896
48.15,24.9053955078,-15.8999494857,-0.581776417331,0.296275027345
48.2,28.2592773438,-15.9348560707,-0.659346606309,-0.775701889775
48.25,32.0404052734,-15.9697626557,-0.698131700798,-1.08275055448
48.3,35.7315063477,-16.0046692408,-0.746613068909,-1.45444104333
48.35,40.4586791992,-16.0395758258,-0.862968352375,-1.26051557088
48.4,45.5810546875,-16.0919357034,-0.950234814975,0.409398219604
48.45,49.9725341797,-16.1442955809,-0.843575805131,2.51025750441
48.5,52.7786254883,-16.179202166,-0.659346606309,3.75999943794
48.55,54.2114257813,-16.214108751,-0.39754721851,3.44217713588
48.6,54.638671875,-16.214108751,-0.242406840555,1.5891115103
48.65,55.3100585938,-16.2315620435,-0.232710566933,-0.350143214135
48.7,55.8898925781,-16.2315620435,-0.339369576777,-0.996561455614
48.75,56.7123413086,-16.2664686286,-0.426636039376,0.237020021876
48.8,57.3837280273,-16.2839219211,-0.329673303155,1.8207447135
48.85,57.7194213867,-16.3013752136,-0.184229198822,2.28939793857
48.9,57.780456543,-16.3013752136,-0.048481368111,1.65914015313
48.95,57.9940795898,-16.3013752136,-0.00969627362219,0.732607340343
49,57.9025268555,-16.3013752136,0,0.231633203197
49.05,58.4518432617,-16.3013752136,0,0.043094549432
49.1,57.8109741211,-16.3013752136,0,0.005386818679
49.15,58.6044311523,-16.3013752136,0,0
49.2,58.1161499023,-16.3013752136,0,0
49.25,58.1771850586,-16.3013752136,0,0
49.3,58.4823608398,-16.3013752136,0,-0.010773637358
49.35,58.1466674805,-16.3013752136,0,-0.0808022801849
49.4,58.1771850586,-16.3013752136,0,-0.414785038283
49.45,58.4823608398,-16.3013752136,-0.0193925472444,-1.21203420277
49.5,58.5433959961,-16.3013752136,-0.0872664625997,-2.51564432309
49.55,58.3297729492,-16.3013752136,-0.31028075591,-3.01123164156
49.6,58.3297729492,-16.3362817987,-0.465421133865,-2.05776473538
49.65,58.2077026367,-16.3537350912,-0.513902501976,-1.03965600505
49.7,57.5668334961,-16.3886416762,-0.533295049221,-0.592550054689
49.75,56.103515625,-16.4060949687,-0.552687596465,-0.576389598652
49.8,55.0048828125,-16.4410015538,-0.62056151182,-0.193925472444
49.85,52.9922485352,-16.4759081388,-0.562383870087,-0.0161604560372
49.9,50.7049560547,-16.4933614313,-0.572080143709,-0.64641824148
49.95,47.8988647461,-16.5282680164,-0.659346606309,-0.711060065627
50,45.4284667969,-16.5631746014,-0.678739153553,-0.226246384518
50.05,42.5323486328,-16.5980811865,-0.669042879931,-0.0215472747159
50.1,37.6220703125,-16.6329877715,-0.62056151182,-0.791862345812
50.15,35.1821899414,-16.650441064,-0.736916795287,-1.56756423559
50.2,30.9127807617,-16.7028009416,-0.901753446864,-0.0700286428268
50.25,23.5321044922,-16.7551608191,-0.804790710642,2.5641256912
50.3,19.8120117188,-16.7900674042,-0.562383870087,3.7707730753
50.35,16.9448852539,-16.8075206967,-0.358762124021,3.46372441059
50.4,16.3955688477,-16.8249739892,-0.193925472444,2.43484204291
50.45,16.487121582,-16.8249739892,-0.0872664625997,0.888825082034
50.5,16.3955688477,-16.8249739892,-0.135747830711,-0.156217741691
50.55,14.3218994141,-16.8424272817,-0.145444104333,-0.500974137147
50.6,14.3829345703,-16.8424272817,-0.126051557088,-1.73455561464
50.65,13.591003418,-16.8424272817,-0.319977029532,-2.8981084493
50.7,10.2966308594,-16.8773338668,-0.48481368111,-2.82269298779
50.75,8.58917236328,-16.8947871593,-0.591472690954,-2.62338069667
50.8,5.81359863281,-16.9296937443,-0.785398163397,-1.52446968616
50.85,3.34320068359,-16.9820536219,-0.804790710642,0.624870966763
50.9,2.30712890625,-17.0169602069,-0.688435427176,2.09008564745
50.95,1.78833007813,-17.051866792,-0.53329504922,2.21936929575
51,1.69677734375,-17.0693200845,-0.407243492132,1.03426918637
51.05,1.72729492188,-17.086773377,-0.407243492132,-0.554842323937
51.1,1.97143554688,-17.1042266695,-0.513902501976,-1.10968464787
51.15,3.03802490234,-17.1391332546,-0.601168964576,-0.134670466975
51.2,4.59442138672,-17.1740398396,-0.523598775598,0.878051444676
51.25,5.56945800781,-17.1914931321,-0.436332312999,0.700286428269
51.3,7.27844238281,-17.2089464247,-0.475117407487,0.867277807318
51.35,9.56420898438,-17.2438530097,-0.426636039376,2.22475611443
51.4,11.7614746094,-17.2613063022,-0.213318019688,2.86040071855
51.45,12.0346069336,-17.2613063022,-0.0581776417332,1.99312291123
51.5,12.0651245117,-17.2613063022,-0.00969627362219,0.883438263355
51.55,11.9735717773,-17.2613063022,0,0.263954115271
51.6,11.9735717773,-17.2613063022,0,0.048481368111
51.65,11.9430541992,-17.2613063022,0,0.005386818679
51.7,12.0040893555,-17.2613063022,0,0
51.75,11.9735717773,-17.2613063022,0,-0.00538681867899
51.8,11.9735717773,-17.2613063022,0,-0.037707730753
51.85,11.9735717773,-17.2613063022,0,-0.199312291123
51.9,11.9430541992,-17.2613063022,-0.00969627362219,-0.603323692047
51.95,12.0040893555,-17.2613063022,-0.0387850944888,-1.4867619554
52,11.9735717773,-17.2613063022,-0.155140377955,-2.56951250988
52.05,12.126159668,-17.2787595947,-0.271495661421,-3.98624582246
52.1,13.4078979492,-17.2787595947,-0.552687596465,-5.28446912409
52.15,17.7993774414,-17.3311194723,-0.901753446864,-4.65421133865
52.2,24.2340087891,-17.3834793499,-1.01810873033,-3.29673303155
52.25,29.6310424805,-17.4183859349,-1.28960439175,-0.366303670172
52.3,50.7965087891,-17.52310569,-1.28960439175,6.21100193688
52.35,34.0850830078,-17.5929188601,-0.504206228354,9.43231950692
52.4,42.4407958984,-17.5580122751,0.0387850944887,5.60767824483
52.45,50.2166748047,-17.5580122751,0.0387850944888,1.41673331258
52.5,54.3029785156,-17.5580122751,0.0193925472444,-0.193925472444
52.55,44.6060180664,-17.5580122751,-0.00969627362219,-0.80263598317
52.6,43.049621582,-17.5580122751,-0.0484813681109,-1.14739237863
52.65,45.5200195313,-17.5580122751,-0.155140377955,-0.74876779638
52.7,51.8341064453,-17.5754655676,-0.213318019688,1.29822330164
52.75,53.2669067383,-17.5929188601,-0.0193925472444,3.31289348758
52.8,53.2669067383,-17.5754655676,0.184229198822,3.91621717963
52.85,54.2114257813,-17.5754655676,0.407243492132,3.19438347664
52.9,48.4786987305,-17.5405589825,0.649650332687,-0.344756395456
52.95,41.4642333984,-17.488199105,0.465421133865,-5.10131728901
53,37.1337890625,-17.4707458125,-0.106659009844,-5.41375277239
53.05,20.3918457031,-17.52310569,-0.290888208666,-1.93925472444
53.1,6.33239746094,-17.52310569,-0.0969627362219,-1.40595967522
53.15,1.30004882813,-17.5056523975,-0.290888208666,-3.06509982835
53.2,2.18505859375,-17.5405589825,-0.659346606309,-0.80263598317
53.25,2.1240234375,-17.6103721526,-0.407243492132,2.10085928481
53.3,2.18505859375,-17.5754655676,-0.213318019688,1.26051557088
53.35,2.18505859375,-17.6103721526,-0.339369576777,1.08813737316
53.4,2.18505859375,-17.6278254451,-0.184229198822,1.97157563651
53.45,2.21557617188,-17.6278254451,-0.0581776417331,1.55679059823
53.5,2.21557617188,-17.6278254451,-0.00969627362219,0.786475527133
53.55,2.21557617188,-17.6278254451,0,0.247793659234
53.6,2.21557617188,-17.6278254451,0,0.048481368111
53.65,2.21557617188,-17.6278254451,0,0.00538681867899
53.7,2.21557617188,-17.6278254451,0,0
53.75,2.24609375,-17.6278254451,0,0
53.8,2.21557617188,-17.6278254451,0,0
53.85,2.21557617188,-17.6278254451,0,0
53.9,2.21557617188,-17.6278254451,0,0
53.95,2.21557617188,-17.6278254451,0,0
54,2.21557617188,-17.6278254451,0,0
54.05,2.21557617188,-17.6278254451,0,0
54.1,2.21557617188,-17.6278254451,0,0
54.15,2.21557617188,-17.6278254451,0,0
54.2,2.21557617188,-17.6278254451,0,0
54.25,2.21557617188,-17.6278254451,0,0
54.3,2.18505859375,-17.6278254451,0,0
54.35,2.21557617188,-17.6278254451,0,0
54.4,2.18505859375,-17.6278254451,0,0
54.45,2.18505859375,-17.6278254451,0,0
54.5,2.18505859375,-17.6278254451,0,0
54.55,2.18505859375,-17.6278254451,0,0
54.6,2.1240234375,-17.6278254451,0,0
54.65,2.15454101563,-17.6278254451,0,0
