Latest: Time (min),Latest: Potential (mV),Latest: Position (m),Latest: Velocity (m/min),Latest: Acceleration (m/minÂ²),,,,Amplifier
0,-0.235473633,,,,,,,
0.001,-0.235473633,,,,,,,
0.002,-0.235473633,,,,,,,
0.003,-0.235473633,,,,,,,
0.004,0.235473633,,,,,,,
0.005,-0.235473633,,,,,,,
0.006,-0.235473633,,,,,,,
0.007,-0.235473633,,,,,,,
0.008,-0.706420898,,,,,,,
0.009,1.64831543,,,,,,,
0.01,-0.706420898,,,,,,,
0.011,-0.235473633,,,,,,,
0.012,-0.706420898,,,,,,,
0.013,0.235473633,,,,,,,
0.014,0.706420898,,,,,,,
0.015,-1.177368164,,,,,,,
0.016,-0.235473633,,,,,,,
0.017,-1.177368164,,,,,,,
0.018,-0.235473633,,,,,,,
0.019,0.706420898,,,,,,,
0.02,-0.706420898,,,,,,,
0.021,0.235473633,,,,,,,
0.022,-1.177368164,,,,,,,
0.023,-0.235473633,,,,,,,
0.024,0.235473633,,,,,,,
0.025,-0.706420898,,,,,,,
0.026,-0.235473633,,,,,,,
0.027,-0.235473633,,,,,,,
0.028,-0.235473633,,,,,,,
0.029,0.235473633,,,,,,,
0.03,-0.706420898,,,,,,,
0.031,0.235473633,,,,,,,
0.032,-0.706420898,,,,,,,
0.033,-0.235473633,,,,,,,
0.034,0.235473633,,,,,,,
0.035,-0.706420898,,,,,,,
0.036,0.235473633,,,,,,,
0.037,-1.177368164,,,,,,,
0.038,-0.235473633,,,,,,,
0.039,0.235473633,,,,,,,
0.04,-0.706420898,,,,,,,
0.041,0.235473633,,,,,,,
0.042,-0.235473633,,,,,,,
0.043,-0.235473633,,,,,,,
0.044,0.235473633,,,,,,,
0.045,-0.235473633,,,,,,,
0.046,1.177368164,,,,,,,
0.047,-0.706420898,,,,,,,
0.048,9.18347168,,,,,,,
0.049,33.64918213,,,,,,,
0.05,1.64831543,,,,,,,
0.051,21.40455322,,,,,,,
0.052,0.706420898,,,,,,,
0.053,8.241577148,,,,,,,
0.054,33.17823486,,,,,,,
0.055,2.590209961,,,,,,,
0.056,34.59107666,,,,,,,
0.057,1.177368164,,,,,,,
0.058,10.59631348,,,,,,,
0.059,43.06812744,,,,,,,
0.06,2.119262695,,,,,,,
0.061,32.7072876,,,,,,,
0.062,0.706420898,,,,,,,
0.063,9.18347168,,,,,,,
0.064,39.30054932,,,,,,,
0.065,2.119262695,,,,,,,
0.066,30.82349854,,,,,,,
0.067,1.177368164,,,,,,,
0.068,9.18347168,,,,,,,
0.069,41.65528564,,,,,,,
0.07,1.64831543,,,,,,,
0.071,27.99781494,,,,,,,
0.072,1.64831543,,,,,,,
0.073,9.18347168,,,,,,,
0.074,40.71339111,,,,,,,
0.075,1.64831543,,,,,,,
0.076,25.64307861,,,,,,,
0.077,1.177368164,,,,,,,
0.078,7.770629883,,,,,,,
0.079,38.82960205,,,,,,,
0.08,1.64831543,,,,,,,
0.081,32.23634033,,,,,,,
0.082,1.177368164,,,,,,,
0.083,10.12536621,,,,,,,
0.084,59.52773438,,,,,,,
0.085,3.061157227,,,,,,,
0.086,44.48096924,,,,,,,
0.087,1.177368164,,,,,,,
0.088,9.18347168,,,,,,,
0.089,39.30054932,,,,,,,
0.09,1.177368164,,,,,,,
0.091,12.00915527,,,,,,,
0.092,0.706420898,,,,,,,
0.093,1.177368164,,,,,,,
0.094,8.241577148,,,,,,,
0.095,1.177368164,,,,,,,
0.096,18.60241699,,,,,,,
0.097,1.177368164,,,,,,,
0.098,4.944946289,,,,,,,
0.099,19.54431152,,,,,,,
0.1,0.235473633,,,,,,,
0.101,7.770629883,,,,,,,
0.102,1.177368164,,,,,,,
0.103,1.64831543,,,,,,,
0.104,7.770629883,,,,,,,
0.105,0.235473633,,,,,,,
0.106,13.89294434,,,,,,,
0.107,0.706420898,,,,,,,
0.108,4.944946289,,,,,,,
0.109,47.75405273,,,,,,,
0.11,1.177368164,,,,,,,
0.111,42.12623291,,,,,,,
0.112,2.119262695,,,,,,,
0.113,3.532104492,,,,,,,
0.114,10.59631348,,,,,,,
0.115,0.235473633,,,,,,,
0.116,31.76539307,,,,,,,
0.117,0.235473633,,,,,,,
0.118,6.357788086,,,,,,,
0.119,17.66052246,,,,,,,
0.12,0.706420898,,,,,,,
0.121,21.87550049,,,,,,,
0.122,1.64831543,,,,,,,
0.123,5.415893555,,,,,,,
0.124,27.52686768,,,,,,,
0.125,1.177368164,,,,,,,
0.126,19.07336426,,,,,,,
0.127,1.177368164,,,,,,,
0.128,4.944946289,,,,,,,
0.129,22.34644775,,,,,,,
0.13,-0.235473633,,,,,,,
0.131,12.00915527,,,,,,,
0.132,0.706420898,,,,,,,
0.133,3.061157227,,,,,,,
0.134,32.7072876,,,,,,,
0.135,0.235473633,,,,,,,
0.136,13.89294434,,,,,,,
0.137,0.235473633,,,,,,,
0.138,4.003051758,,,,,,,
0.139,29.41065674,,,,,,,
0.14,0.706420898,,,,,,,
0.141,18.13146973,,,,,,,
0.142,0.235473633,,,,,,,
0.143,4.003051758,,,,,,,
0.144,28.46876221,,,,,,,
0.145,0.235473633,,,,,,,
0.146,13.89294434,,,,,,,
0.147,-0.235473633,,,,,,,
0.148,3.532104492,,,,,,,
0.149,21.40455322,,,,,,,
0.15,0.235473633,,,,,,,
0.151,13.42199707,,,,,,,
0.152,0.706420898,,,,,,,
0.153,4.003051758,,,,,,,
0.154,25.64307861,,,,,,,
0.155,-0.235473633,,,,,,,
0.156,15.7767334,,,,,,,
0.157,1.177368164,,,,,,,
0.158,4.944946289,,,,,,,
0.159,28.93970947,,,,,,,
0.16,0.706420898,,,,,,,
0.161,16.71862793,,,,,,,
0.162,1.177368164,,,,,,,
0.163,4.003051758,,,,,,,
0.164,27.05592041,,,,,,,
0.165,0.706420898,,,,,,,
0.166,16.71862793,,,,,,,
0.167,1.177368164,,,,,,,
0.168,4.003051758,,,,,,,
0.169,26.58497314,,,,,,,
0.17,1.177368164,,,,,,,
0.171,17.1895752,,,,,,,
0.172,1.177368164,,,,,,,
0.173,4.473999023,,,,,,,
0.174,28.46876221,,,,,,,
0.175,0.706420898,,,,,,,
0.176,13.89294434,,,,,,,
0.177,1.64831543,,,,,,,
0.178,3.061157227,,,,,,,
0.179,21.40455322,,,,,,,
0.18,0.706420898,,,,,,,
0.181,12.9510498,,,,,,,
0.182,1.64831543,,,,,,,
0.183,3.061157227,,,,,,,
0.184,18.60241699,,,,,,,
0.185,1.177368164,,,,,,,
0.186,12.00915527,,,,,,,
0.187,1.64831543,,,,,,,
0.188,3.532104492,,,,,,,
0.189,26.11402588,,,,,,,
0.19,1.177368164,,,,,,,
0.191,17.1895752,,,,,,,
0.192,1.177368164,,,,,,,
0.193,4.944946289,,,,,,,
0.194,30.35255127,,,,,,,
0.195,1.177368164,,,,,,,
0.196,18.60241699,,,,,,,
0.197,0.706420898,,,,,,,
0.198,4.003051758,,,,,,,
0.199,25.64307861,,,,,,,
0.2,0.706420898,,,,,,,
0.201,12.9510498,,,,,,,
0.202,0.235473633,,,,,,,
0.203,3.532104492,,,,,,,
0.204,33.64918213,,,,,,,
0.205,1.177368164,,,,,,,
0.206,23.75928955,,,,,,,
0.207,2.119262695,,,,,,,
0.208,6.357788086,,,,,,,
0.209,31.2944458,,,,,,,
0.21,1.177368164,,,,,,,
0.211,19.99171143,,,,,,,
0.212,0.706420898,,,,,,,
0.213,2.590209961,,,,,,,
0.214,14.83483887,,,,,,,
0.215,0.235473633,,,,,,,
0.216,18.13146973,,,,,,,
0.217,1.64831543,,,,,,,
0.218,7.299682617,,,,,,,
0.219,56.23110352,,,,,,,
0.22,2.590209961,,,,,,,
0.221,36.47486572,,,,,,,
0.222,3.532104492,,,,,,,
0.223,8.712524414,,,,,,,
0.224,55.76015625,,,,,,,
0.225,2.119262695,,,,,,,
0.226,31.76539307,,,,,,,
0.227,3.061157227,,,,,,,
0.228,7.299682617,,,,,,,
0.229,54.81826172,,,,,,,
0.23,1.177368164,,,,,,,
0.231,36.00391846,,,,,,,
0.232,3.061157227,,,,,,,
0.233,10.12536621,,,,,,,
0.234,62.35341797,,,,,,,
0.235,2.119262695,,,,,,,
0.236,34.59107666,,,,,,,
0.237,3.532104492,,,,,,,
0.238,9.18347168,,,,,,,
0.239,60.46962891,,,,,,,
0.24,1.64831543,,,,,,,
0.241,28.46876221,,,,,,,
0.242,3.061157227,,,,,,,
0.243,6.357788086,,,,,,,
0.244,37.88770752,,,,,,,
0.245,1.177368164,,,,,,,
0.246,11.06726074,,,,,,,
0.247,1.177368164,,,,,,,
0.248,4.944946289,,,,,,,
0.249,35.06202393,,,,,,,
0.25,1.64831543,,,,,,,
0.251,20.46265869,,,,,,,
0.252,1.64831543,,,,,,,
0.253,3.532104492,,,,,,,
0.254,16.71862793,,,,,,,
0.255,0.235473633,,,,,,,
0.256,11.06726074,,,,,,,
0.257,1.64831543,,,,,,,
0.258,3.532104492,,,,,,,
0.259,22.34644775,,,,,,,
0.26,0.706420898,,,,,,,
0.261,12.9510498,,,,,,,
0.262,1.64831543,,,,,,,
0.263,3.532104492,,,,,,,
0.264,25.17213135,,,,,,,
0.265,0.235473633,,,,,,,
0.266,11.53820801,,,,,,,
0.267,1.177368164,,,,,,,
0.268,2.119262695,,,,,,,
0.269,25.64307861,,,,,,,
0.27,0.706420898,,,,,,,
0.271,13.89294434,,,,,,,
0.272,1.64831543,,,,,,,
0.273,5.415893555,,,,,,,
0.274,35.53297119,,,,,,,
0.275,1.177368164,,,,,,,
0.276,20.46265869,,,,,,,
0.277,1.177368164,,,,,,,
0.278,4.473999023,,,,,,,
0.279,31.76539307,,,,,,,
0.28,0.235473633,,,,,,,
0.281,11.06726074,,,,,,,
0.282,-0.235473633,,,,,,,
0.283,1.64831543,,,,,,,
0.284,14.83483887,,,,,,,
0.285,0.235473633,,,,,,,
0.286,12.00915527,,,,,,,
0.287,1.177368164,,,,,,,
0.288,4.003051758,,,,,,,
0.289,52.93447266,,,,,,,
0.29,1.64831543,,,,,,,
0.291,26.58497314,,,,,,,
0.292,1.177368164,,,,,,,
0.293,7.299682617,,,,,,,
0.294,54.34731445,,,,,,,
0.295,1.64831543,,,,,,,
0.296,27.99781494,,,,,,,
0.297,1.64831543,,,,,,,
0.298,8.241577148,,,,,,,
0.299,60.46962891,,,,,,,
0.3,1.64831543,,,,,,,
0.301,35.06202393,,,,,,,
0.302,1.64831543,,,,,,,
0.303,10.12536621,,,,,,,
0.304,71.74881592,,,,,,,
0.305,2.119262695,,,,,,,
0.306,42.59718018,,,,,,,
0.307,2.119262695,,,,,,,
0.308,11.53820801,,,,,,,
0.309,83.05155029,,,,,,,
0.31,3.061157227,,,,,,,
0.311,56.70205078,,,,,,,
0.312,2.119262695,,,,,,,
0.313,15.7767334,,,,,,,
0.314,85.87723389,,,,,,,
0.315,4.003051758,,,,,,,
0.316,54.81826172,,,,,,,
0.317,1.177368164,,,,,,,
0.318,13.89294434,,,,,,,
0.319,70.35952148,,,,,,,
0.32,4.003051758,,,,,,,
0.321,53.40541992,,,,,,,
0.322,1.64831543,,,,,,,
0.323,15.30578613,,,,,,,
0.324,70.35952148,,,,,,,
0.325,4.003051758,,,,,,,
0.326,57.64394531,,,,,,,
0.327,1.177368164,,,,,,,
0.328,16.24768066,,,,,,,
0.329,65.17910156,,,,,,,
0.33,4.473999023,,,,,,,
0.331,61.8824707,,,,,,,
0.332,0.706420898,,,,,,,
0.333,16.24768066,,,,,,,
0.334,47.75405273,,,,,,,
0.335,3.532104492,,,,,,,
0.336,45.87026367,,,,,,,
0.337,0.706420898,,,,,,,
0.338,10.12536621,,,,,,,
0.339,30.82349854,,,,,,,
0.34,2.119262695,,,,,,,
0.341,39.77149658,,,,,,,
0.342,0.235473633,,,,,,,
0.343,11.53820801,,,,,,,
0.344,17.66052246,,,,,,,
0.345,2.590209961,,,,,,,
0.346,20.46265869,,,,,,,
0.347,0.235473633,,,,,,,
0.348,4.473999023,,,,,,,
0.349,7.299682617,,,,,,,
0.35,0.235473633,,,,,,,
0.351,21.40455322,,,,,,,
0.352,-0.706420898,,,,,,,
0.353,7.770629883,,,,,,,
0.354,32.23634033,,,,,,,
0.355,1.64831543,,,,,,,
0.356,29.881604,,,,,,,
0.357,0.235473633,,,,,,,
0.358,8.241577148,,,,,,,
0.359,45.39931641,,,,,,,
0.36,1.64831543,,,,,,,
0.361,24.23023682,,,,,,,
0.362,-0.235473633,,,,,,,
0.363,7.770629883,,,,,,,
0.364,49.16689453,,,,,,,
0.365,1.64831543,,,,,,,
0.366,29.41065674,,,,,,,
0.367,0.706420898,,,,,,,
0.368,10.12536621,,,,,,,
0.369,70.35952148,,,,,,,
0.37,3.061157227,,,,,,,
0.371,43.06812744,,,,,,,
0.372,0.235473633,,,,,,,
0.373,12.48010254,,,,,,,
0.374,60.46962891,,,,,,,
0.375,2.590209961,,,,,,,
0.376,42.59718018,,,,,,,
0.377,1.177368164,,,,,,,
0.378,18.60241699,,,,,,,
0.379,68.00478516,,,,,,,
0.38,4.003051758,,,,,,,
0.381,43.53907471,,,,,,,
0.382,1.177368164,,,,,,,
0.383,22.34644775,,,,,,,
0.384,54.34731445,,,,,,,
0.385,4.944946289,,,,,,,
0.386,58.58583984,,,,,,,
0.387,1.177368164,,,,,,,
0.388,21.87550049,,,,,,,
0.389,61.41152344,,,,,,,
0.39,5.415893555,,,,,,,
0.391,76.92923584,,,,,,,
0.392,1.64831543,,,,,,,
0.393,26.58497314,,,,,,,
0.394,57.17299805,,,,,,,
0.395,5.88684082,,,,,,,
0.396,77.40018311,,,,,,,
0.397,1.64831543,,,,,,,
0.398,26.58497314,,,,,,,
0.399,47.75405273,,,,,,,
0.4,6.828735352,,,,,,,
0.401,80.69681396,,,,,,,
0.402,1.177368164,,,,,,,
0.403,25.17213135,,,,,,,
0.404,43.06812744,,,,,,,
0.405,6.357788086,,,,,,,
0.406,80.2258667,,,,,,,
0.407,2.119262695,,,,,,,
0.408,30.82349854,,,,,,,
0.409,34.59107666,,,,,,,
0.41,7.770629883,,,,,,,
0.411,99.04020996,,,,,,,
0.412,1.64831543,,,,,,,
0.413,29.881604,,,,,,,
0.414,15.7767334,,,,,,,
0.415,7.770629883,,,,,,,
0.416,100.4530518,,,,,,,
0.417,1.64831543,,,,,,,
0.418,30.35255127,,,,,,,
0.419,16.24768066,,,,,,,
0.42,6.828735352,,,,,,,
0.421,91.52860107,,,,,,,
0.422,2.119262695,,,,,,,
0.423,28.46876221,,,,,,,
0.424,6.357788086,,,,,,,
0.425,6.828735352,,,,,,,
0.426,78.8130249,,,,,,,
0.427,1.177368164,,,,,,,
0.428,20.46265869,,,,,,,
0.429,11.53820801,,,,,,,
0.43,1.64831543,,,,,,,
0.431,21.40455322,,,,,,,
0.432,0.235473633,,,,,,,
0.433,11.06726074,,,,,,,
0.434,29.41065674,,,,,,,
0.435,1.64831543,,,,,,,
0.436,24.70118408,,,,,,,
0.437,0.235473633,,,,,,,
0.438,9.18347168,,,,,,,
0.439,34.59107666,,,,,,,
0.44,2.119262695,,,,,,,
0.441,23.75928955,,,,,,,
0.442,-0.235473633,,,,,,,
0.443,9.654418945,,,,,,,
0.444,72.21976318,,,,,,,
0.445,3.532104492,,,,,,,
0.446,35.53297119,,,,,,,
0.447,0.235473633,,,,,,,
0.448,15.7767334,,,,,,,
0.449,87.76102295,,,,,,,
0.45,4.944946289,,,,,,,
0.451,60.94057617,,,,,,,
0.452,1.177368164,,,,,,,
0.453,29.41065674,,,,,,,
0.454,125.8606567,,,,,,,
0.455,7.770629883,,,,,,,
0.456,91.05765381,,,,,,,
0.457,2.590209961,,,,,,,
0.458,36.47486572,,,,,,,
0.459,139.0471802,,,,,,,
0.46,9.654418945,,,,,,,
0.461,93.41239014,,,,,,,
0.462,2.119262695,,,,,,,
0.463,41.18433838,,,,,,,
0.464,151.739209,,,,,,,
0.465,12.00915527,,,,,,,
0.466,125.8606567,,,,,,,
0.467,3.532104492,,,,,,,
0.468,57.64394531,,,,,,,
0.469,186.094812,,,,,,,
0.47,16.24768066,,,,,,,
0.471,154.5648926,,,,,,,
0.472,4.473999023,,,,,,,
0.473,65.65004883,,,,,,,
0.474,177.146814,,,,,,,
0.475,16.71862793,,,,,,,
0.476,171.0480469,,,,,,,
0.477,4.944946289,,,,,,,
0.478,83.99344482,,,,,,,
0.479,183.7400757,,,,,,,
0.48,22.81739502,,,,,,,
0.481,225.6072876,,,,,,,
0.482,6.357788086,,,,,,,
0.483,85.40628662,,,,,,,
0.484,173.3792358,,,,,,,
0.485,22.34644775,,,,,,,
0.486,224.1944458,,,,,,,
0.487,6.357788086,,,,,,,
0.488,92.94144287,,,,,,,
0.489,178.0887085,,,,,,,
0.49,26.11402588,,,,,,,
0.491,245.85802,,,,,,,
0.492,6.828735352,,,,,,,
0.493,96.21452637,,,,,,,
0.494,157.8615234,,,,,,,
0.495,26.58497314,,,,,,,
0.496,244.4451782,,,,,,,
0.497,8.712524414,,,,,,,
0.498,108.4591553,,,,,,,
0.499,154.5648926,,,,,,,
0.5,35.53297119,,,,,,,
0.501,299.4753662,,,,,,,
0.502,8.712524414,,,,,,,
0.503,116.4652588,,,,,,,
0.504,148.4425781,,,,,,,
0.505,28.93970947,,,,,,,
0.506,239.7357056,,,,,,,
0.507,6.828735352,,,,,,,
0.508,80.69681396,,,,,,,
0.509,81.6387085,,,,,,,
0.51,18.60241699,,,,,,,
0.511,163.0419434,,,,,,,
0.512,4.473999023,,,,,,,
0.513,55.28920898,,,,,,,
0.514,50.10878906,,,,,,,
0.515,12.00915527,,,,,,,
0.516,108.9301025,,,,,,,
0.517,3.061157227,,,,,,,
0.518,41.65528564,,,,,,,
0.519,40.71339111,,,,,,,
0.52,10.59631348,,,,,,,
0.521,93.8833374,,,,,,,
0.522,2.590209961,,,,,,,
0.523,41.18433838,,,,,,,
0.524,37.88770752,,,,,,,
0.525,11.06726074,,,,,,,
0.526,91.05765381,,,,,,,
0.527,2.590209961,,,,,,,
0.528,33.64918213,,,,,,,
0.529,27.99781494,,,,,,,
0.53,9.18347168,,,,,,,
0.531,77.87113037,,,,,,,
0.532,2.590209961,,,,,,,
0.533,35.06202393,,,,,,,
0.534,22.34644775,,,,,,,
0.535,7.770629883,,,,,,,
0.536,58.11489258,,,,,,,
0.537,1.177368164,,,,,,,
0.538,30.35255127,,,,,,,
0.539,17.1895752,,,,,,,
0.54,7.299682617,,,,,,,
0.541,52.93447266,,,,,,,
0.542,2.119262695,,,,,,,
0.543,34.59107666,,,,,,,
0.544,10.59631348,,,,,,,
0.545,9.18347168,,,,,,,
0.546,71.74881592,,,,,,,
0.547,3.061157227,,,,,,,
0.548,53.87636719,,,,,,,
0.549,7.770629883,,,,,,,
0.55,16.24768066,,,,,,,
0.551,120.7037842,,,,,,,
0.552,4.473999023,,,,,,,
0.553,73.63260498,,,,,,,
0.554,6.828735352,,,,,,,
0.555,20.46265869,,,,,,,
0.556,139.5181274,,,,,,,
0.557,5.415893555,,,,,,,
0.558,69.88857422,,,,,,,
0.559,7.770629883,,,,,,,
0.56,15.7767334,,,,,,,
0.561,107.0463135,,,,,,,
0.562,4.003051758,,,,,,,
0.563,56.70205078,,,,,,,
0.564,7.770629883,,,,,,,
0.565,13.89294434,,,,,,,
0.566,101.3949463,,,,,,,
0.567,3.532104492,,,,,,,
0.568,48.225,,,,,,,
0.569,8.712524414,,,,,,,
0.57,12.9510498,,,,,,,
0.571,100.4530518,,,,,,,
0.572,4.003051758,,,,,,,
0.573,65.17910156,,,,,,,
0.574,4.944946289,,,,,,,
0.575,21.40455322,,,,,,,
0.576,125.3897095,,,,,,,
0.577,5.415893555,,,,,,,
0.578,73.63260498,,,,,,,
0.579,5.88684082,,,,,,,
0.58,16.24768066,,,,,,,
0.581,79.75491943,,,,,,,
0.582,4.003051758,,,,,,,
0.583,49.6378418,,,,,,,
0.584,8.241577148,,,,,,,
0.585,10.12536621,,,,,,,
0.586,61.41152344,,,,,,,
0.587,2.119262695,,,,,,,
0.588,36.00391846,,,,,,,
0.589,10.59631348,,,,,,,
0.59,8.241577148,,,,,,,
0.591,59.99868164,,,,,,,
0.592,1.64831543,,,,,,,
0.593,36.47486572,,,,,,,
0.594,8.712524414,,,,,,,
0.595,12.48010254,,,,,,,
0.596,106.5753662,,,,,,,
0.597,3.061157227,,,,,,,
0.598,47.75405273,,,,,,,
0.599,8.241577148,,,,,,,
0.6,11.53820801,,,,,,,
0.601,95.76712646,,,,,,,
0.602,3.061157227,,,,,,,
0.603,38.82960205,,,,,,,
0.604,4.944946289,,,,,,,
0.605,7.299682617,,,,,,,
0.606,77.40018311,,,,,,,
0.607,2.119262695,,,,,,,
0.608,29.881604,,,,,,,
0.609,2.590209961,,,,,,,
0.61,9.654418945,,,,,,,
0.611,71.27786865,,,,,,,
0.612,2.590209961,,,,,,,
0.613,36.00391846,,,,,,,
0.614,1.64831543,,,,,,,
0.615,10.59631348,,,,,,,
0.616,36.00391846,,,,,,,
0.617,3.061157227,,,,,,,
0.618,43.06812744,,,,,,,
0.619,3.061157227,,,,,,,
0.62,11.06726074,,,,,,,
0.621,41.18433838,,,,,,,
0.622,3.061157227,,,,,,,
0.623,44.48096924,,,,,,,
0.624,2.119262695,,,,,,,
0.625,12.00915527,,,,,,,
0.626,49.6378418,,,,,,,
0.627,3.532104492,,,,,,,
0.628,48.69594727,,,,,,,
0.629,2.590209961,,,,,,,
0.63,12.9510498,,,,,,,
0.631,59.52773438,,,,,,,
0.632,3.061157227,,,,,,,
0.633,48.69594727,,,,,,,
0.634,3.532104492,,,,,,,
0.635,12.9510498,,,,,,,
0.636,61.8824707,,,,,,,
0.637,3.532104492,,,,,,,
0.638,47.28310547,,,,,,,
0.639,2.590209961,,,,,,,
0.64,12.48010254,,,,,,,
0.641,65.65004883,,,,,,,
0.642,2.590209961,,,,,,,
0.643,42.59718018,,,,,,,
0.644,2.119262695,,,,,,,
0.645,10.12536621,,,,,,,
0.646,60.94057617,,,,,,,
0.647,2.590209961,,,,,,,
0.648,34.12012939,,,,,,,
0.649,1.177368164,,,,,,,
0.65,8.712524414,,,,,,,
0.651,65.17910156,,,,,,,
0.652,1.64831543,,,,,,,
0.653,31.2944458,,,,,,,
0.654,0.706420898,,,,,,,
0.655,9.654418945,,,,,,,
0.656,81.16776123,,,,,,,
0.657,1.64831543,,,,,,,
0.658,18.13146973,,,,,,,
0.659,-0.235473633,,,,,,,
0.66,1.64831543,,,,,,,
0.661,0.706420898,,,,,,,
0.662,-0.235473633,,,,,,,
0.663,7.299682617,,,,,,,
0.664,-0.235473633,,,,,,,
0.665,3.532104492,,,,,,,
0.666,3.061157227,,,,,,,
0.667,0.706420898,,,,,,,
0.668,14.83483887,,,,,,,
0.669,0.706420898,,,,,,,
0.67,4.473999023,,,,,,,
0.671,10.12536621,,,,,,,
0.672,1.177368164,,,,,,,
0.673,21.40455322,,,,,,,
0.674,0.235473633,,,,,,,
0.675,5.88684082,,,,,,,
0.676,12.9510498,,,,,,,
0.677,1.177368164,,,,,,,
0.678,22.34644775,,,,,,,
0.679,0.235473633,,,,,,,
0.68,6.828735352,,,,,,,
0.681,19.54431152,,,,,,,
0.682,2.119262695,,,,,,,
0.683,27.05592041,,,,,,,
0.684,0.706420898,,,,,,,
0.685,7.770629883,,,,,,,
0.686,25.17213135,,,,,,,
0.687,2.119262695,,,,,,,
0.688,25.64307861,,,,,,,
0.689,1.177368164,,,,,,,
0.69,6.828735352,,,,,,,
0.691,17.66052246,,,,,,,
0.692,1.64831543,,,,,,,
0.693,18.60241699,,,,,,,
0.694,0.235473633,,,,,,,
0.695,5.415893555,,,,,,,
0.696,26.58497314,,,,,,,
0.697,1.177368164,,,,,,,
0.698,22.34644775,,,,,,,
0.699,0.235473633,,,,,,,
0.7,7.770629883,,,,,,,
0.701,41.65528564,,,,,,,
0.702,1.64831543,,,,,,,
0.703,18.13146973,,,,,,,
0.704,0.235473633,,,,,,,
0.705,4.473999023,,,,,,,
0.706,9.18347168,,,,,,,
0.707,0.706420898,,,,,,,
0.708,16.24768066,,,,,,,
0.709,0.235473633,,,,,,,
0.71,3.061157227,,,,,,,
0.711,-2.590209961,,,,,,,
0.712,0.235473633,,,,,,,
0.713,10.12536621,,,,,,,
0.714,-0.706420898,,,,,,,
0.715,4.473999023,,,,,,,
0.716,-2.119262695,,,,,,,
0.717,0.706420898,,,,,,,
0.718,13.42199707,,,,,,,
0.719,-0.235473633,,,,,,,
0.72,4.944946289,,,,,,,
0.721,-1.64831543,,,,,,,
0.722,0.235473633,,,,,,,
0.723,9.654418945,,,,,,,
0.724,-0.235473633,,,,,,,
0.725,3.061157227,,,,,,,
0.726,-2.119262695,,,,,,,
0.727,0.235473633,,,,,,,
0.728,12.00915527,,,,,,,
0.729,-0.235473633,,,,,,,
0.73,7.770629883,,,,,,,
0.731,26.58497314,,,,,,,
0.732,1.64831543,,,,,,,
0.733,18.60241699,,,,,,,
0.734,0.235473633,,,,,,,
0.735,6.828735352,,,,,,,
0.736,10.59631348,,,,,,,
0.737,1.177368164,,,,,,,
0.738,19.99171143,,,,,,,
0.739,0.235473633,,,,,,,
0.74,2.119262695,,,,,,,
0.741,-3.061157227,,,,,,,
0.742,0.706420898,,,,,,,
0.743,9.18347168,,,,,,,
0.744,-0.706420898,,,,,,,
0.745,3.061157227,,,,,,,
0.746,22.34644775,,,,,,,
0.747,2.119262695,,,,,,,
0.748,22.81739502,,,,,,,
0.749,0.706420898,,,,,,,
0.75,9.654418945,,,,,,,
0.751,14.3638916,,,,,,,
0.752,2.590209961,,,,,,,
0.753,38.82960205,,,,,,,
0.754,1.177368164,,,,,,,
0.755,15.7767334,,,,,,,
0.756,10.59631348,,,,,,,
0.757,3.532104492,,,,,,,
0.758,39.77149658,,,,,,,
0.759,1.177368164,,,,,,,
0.76,13.89294434,,,,,,,
0.761,0.706420898,,,,,,,
0.762,2.590209961,,,,,,,
0.763,17.66052246,,,,,,,
0.764,0.706420898,,,,,,,
0.765,6.357788086,,,,,,,
0.766,7.299682617,,,,,,,
0.767,2.119262695,,,,,,,
0.768,40.71339111,,,,,,,
0.769,1.64831543,,,,,,,
0.77,19.07336426,,,,,,,
0.771,28.93970947,,,,,,,
0.772,4.473999023,,,,,,,
0.773,52.46352539,,,,,,,
0.774,0.235473633,,,,,,,
0.775,19.54431152,,,,,,,
0.776,17.1895752,,,,,,,
0.777,4.944946289,,,,,,,
0.778,60.46962891,,,,,,,
0.779,1.64831543,,,,,,,
0.78,26.11402588,,,,,,,
0.781,14.3638916,,,,,,,
0.782,7.299682617,,,,,,,
0.783,70.35952148,,,,,,,
0.784,2.119262695,,,,,,,
0.785,27.05592041,,,,,,,
0.786,7.299682617,,,,,,,
0.787,7.770629883,,,,,,,
0.788,89.17386475,,,,,,,
0.789,3.532104492,,,,,,,
0.79,51.52163086,,,,,,,
0.791,3.532104492,,,,,,,
0.792,14.83483887,,,,,,,
0.793,128.6863403,,,,,,,
0.794,3.061157227,,,,,,,
0.795,50.57973633,,,,,,,
0.796,5.88684082,,,,,,,
0.797,12.00915527,,,,,,,
0.798,100.923999,,,,,,,
0.799,3.532104492,,,,,,,
0.8,45.87026367,,,,,,,
0.801,19.99171143,,,,,,,
0.802,12.00915527,,,,,,,
0.803,109.8719971,,,,,,,
0.804,3.532104492,,,,,,,
0.805,50.57973633,,,,,,,
0.806,36.00391846,,,,,,,
0.807,12.9510498,,,,,,,
0.808,133.8667603,,,,,,,
0.809,4.003051758,,,,,,,
0.81,53.87636719,,,,,,,
0.811,39.77149658,,,,,,,
0.812,13.89294434,,,,,,,
0.813,128.2153931,,,,,,,
0.814,3.532104492,,,,,,,
0.815,48.225,,,,,,,
0.816,32.23634033,,,,,,,
0.817,11.06726074,,,,,,,
0.818,102.8077881,,,,,,,
0.819,3.061157227,,,,,,,
0.82,44.48096924,,,,,,,
0.821,25.17213135,,,,,,,
0.822,12.48010254,,,,,,,
0.823,108.9301025,,,,,,,
0.824,3.532104492,,,,,,,
0.825,49.16689453,,,,,,,
0.826,23.75928955,,,,,,,
0.827,12.48010254,,,,,,,
0.828,114.5814697,,,,,,,
0.829,4.003051758,,,,,,,
0.83,49.16689453,,,,,,,
0.831,22.81739502,,,,,,,
0.832,12.48010254,,,,,,,
0.833,114.1105225,,,,,,,
0.834,3.532104492,,,,,,,
0.835,49.6378418,,,,,,,
0.836,19.99171143,,,,,,,
0.837,12.48010254,,,,,,,
0.838,112.2267334,,,,,,,
0.839,4.003051758,,,,,,,
0.84,53.40541992,,,,,,,
0.841,15.7767334,,,,,,,
0.842,12.9510498,,,,,,,
0.843,99.98210449,,,,,,,
0.844,3.532104492,,,,,,,
0.845,53.87636719,,,,,,,
0.846,15.7767334,,,,,,,
0.847,13.89294434,,,,,,,
0.848,97.62736816,,,,,,,
0.849,3.532104492,,,,,,,
0.85,55.76015625,,,,,,,
0.851,11.06726074,,,,,,,
0.852,15.30578613,,,,,,,
0.853,83.52249756,,,,,,,
0.854,4.473999023,,,,,,,
0.855,68.00478516,,,,,,,
0.856,8.241577148,,,,,,,
0.857,19.07336426,,,,,,,
0.858,89.17386475,,,,,,,
0.859,5.415893555,,,,,,,
0.86,72.69071045,,,,,,,
0.861,6.357788086,,,,,,,
0.862,19.54431152,,,,,,,
0.863,91.52860107,,,,,,,
0.864,5.415893555,,,,,,,
0.865,78.34207764,,,,,,,
0.866,6.828735352,,,,,,,
0.867,21.87550049,,,,,,,
0.868,107.0463135,,,,,,,
0.869,5.88684082,,,,,,,
0.87,80.2258667,,,,,,,
0.871,5.415893555,,,,,,,
0.872,21.87550049,,,,,,,
0.873,106.5753662,,,,,,,
0.874,5.88684082,,,,,,,
0.875,78.8130249,,,,,,,
0.876,4.473999023,,,,,,,
0.877,24.23023682,,,,,,,
0.878,103.2787354,,,,,,,
0.879,6.357788086,,,,,,,
0.88,80.2258667,,,,,,,
0.881,4.944946289,,,,,,,
0.882,18.60241699,,,,,,,
0.883,77.87113037,,,,,,,
0.884,4.003051758,,,,,,,
0.885,62.35341797,,,,,,,
0.886,5.88684082,,,,,,,
0.887,16.71862793,,,,,,,
0.888,97.62736816,,,,,,,
0.889,4.473999023,,,,,,,
0.89,67.06289063,,,,,,,
0.891,6.357788086,,,,,,,
0.892,19.07336426,,,,,,,
0.893,128.6863403,,,,,,,
0.894,4.473999023,,,,,,,
0.895,69.41762695,,,,,,,
0.896,6.357788086,,,,,,,
0.897,21.87550049,,,,,,,
0.898,185.6238647,,,,,,,
0.899,7.299682617,,,,,,,
0.9,101.3949463,,,,,,,
0.901,4.473999023,,,,,,,
0.902,25.17213135,,,,,,,
0.903,189.8623901,,,,,,,
0.904,5.88684082,,,,,,,
0.905,86.81912842,,,,,,,
0.906,3.532104492,,,,,,,
0.907,21.87550049,,,,,,,
0.908,159.7453125,,,,,,,
0.909,5.415893555,,,,,,,
0.91,95.2961792,,,,,,,
0.911,3.061157227,,,,,,,
0.912,23.28834229,,,,,,,
0.913,157.3905762,,,,,,,
0.914,5.415893555,,,,,,,
0.915,78.8130249,,,,,,,
0.916,2.119262695,,,,,,,
0.917,21.87550049,,,,,,,
0.918,181.3853394,,,,,,,
0.919,5.88684082,,,,,,,
0.92,83.52249756,,,,,,,
0.921,1.64831543,,,,,,,
0.922,22.81739502,,,,,,,
0.923,174.3211304,,,,,,,
0.924,5.88684082,,,,,,,
0.925,80.2258667,,,,,,,
0.926,1.64831543,,,,,,,
0.927,22.81739502,,,,,,,
0.928,191.2752319,,,,,,,
0.929,5.88684082,,,,,,,
0.93,83.05155029,,,,,,,
0.931,1.64831543,,,,,,,
0.932,25.17213135,,,,,,,
0.933,205.3801025,,,,,,,
0.934,6.357788086,,,,,,,
0.935,89.64481201,,,,,,,
0.936,1.64831543,,,,,,,
0.937,26.58497314,,,,,,,
0.938,203.0253662,,,,,,,
0.939,6.828735352,,,,,,,
0.94,88.23197021,,,,,,,
0.941,1.64831543,,,,,,,
0.942,27.52686768,,,,,,,
0.943,207.2638916,,,,,,,
0.944,7.770629883,,,,,,,
0.945,99.04020996,,,,,,,
0.946,1.64831543,,,,,,,
0.947,29.881604,,,,,,,
0.948,186.5657593,,,,,,,
0.949,8.241577148,,,,,,,
0.95,97.62736816,,,,,,,
0.951,1.177368164,,,,,,,
0.952,30.35255127,,,,,,,
0.953,183.7400757,,,,,,,
0.954,8.241577148,,,,,,,
0.955,99.98210449,,,,,,,
0.956,2.119262695,,,,,,,
0.957,32.23634033,,,,,,,
0.958,187.5076538,,,,,,,
0.959,9.18347168,,,,,,,
0.96,111.2848389,,,,,,,
0.961,2.590209961,,,,,,,
0.962,38.82960205,,,,,,,
0.963,182.3272339,,,,,,,
0.964,10.12536621,,,,,,,
0.965,120.7037842,,,,,,,
0.966,2.590209961,,,,,,,
0.967,42.12623291,,,,,,,
0.968,153.1520508,,,,,,,
0.969,10.12536621,,,,,,,
0.97,117.8781006,,,,,,,
0.971,2.590209961,,,,,,,
0.972,38.82960205,,,,,,,
0.973,136.6924438,,,,,,,
0.974,11.06726074,,,,,,,
0.975,99.04020996,,,,,,,
0.976,2.119262695,,,,,,,
0.977,32.7072876,,,,,,,
0.978,57.17299805,,,,,,,
0.979,8.241577148,,,,,,,
0.98,92.94144287,,,,,,,
0.981,2.119262695,,,,,,,
0.982,37.41676025,,,,,,,
0.983,62.35341797,,,,,,,
0.984,9.18347168,,,,,,,
0.985,100.4530518,,,,,,,
0.986,2.590209961,,,,,,,
0.987,38.35865479,,,,,,,
0.988,55.76015625,,,,,,,
0.989,10.12536621,,,,,,,
0.99,104.2206299,,,,,,,
0.991,2.590209961,,,,,,,
0.992,41.18433838,,,,,,,
0.993,50.10878906,,,,,,,
0.994,10.12536621,,,,,,,
0.995,103.7496826,,,,,,,
0.996,2.590209961,,,,,,,
0.997,38.35865479,,,,,,,
0.998,23.28834229,,,,,,,
0.999,8.712524414,,,,,,,
1,93.8833374,,,,,,,
1.001,2.590209961,,,,,,,
1.002,36.94581299,,,,,,,
1.003,17.1895752,,,,,,,
1.004,9.654418945,,,,,,,
1.005,95.2961792,,,,,,,
1.006,2.590209961,,,,,,,
1.007,37.88770752,,,,,,,
1.008,14.83483887,,,,,,,
1.009,9.654418945,,,,,,,
1.01,92.47049561,,,,,,,
1.011,2.590209961,,,,,,,
1.012,39.30054932,,,,,,,
1.013,9.654418945,,,,,,,
1.014,11.06726074,,,,,,,
1.015,103.2787354,,,,,,,
1.016,2.590209961,,,,,,,
1.017,40.24244385,,,,,,,
1.018,4.003051758,,,,,,,
1.019,10.59631348,,,,,,,
1.02,99.04020996,,,,,,,
1.021,2.590209961,,,,,,,
1.022,42.12623291,,,,,,,
1.023,3.061157227,,,,,,,
1.024,11.53820801,,,,,,,
1.025,95.2961792,,,,,,,
1.026,3.061157227,,,,,,,
1.027,44.48096924,,,,,,,
1.028,3.061157227,,,,,,,
1.029,10.12536621,,,,,,,
1.03,84.93533936,,,,,,,
1.031,2.590209961,,,,,,,
1.032,39.30054932,,,,,,,
1.033,4.003051758,,,,,,,
1.034,10.12536621,,,,,,,
1.035,86.34818115,,,,,,,
1.036,2.590209961,,,,,,,
1.037,39.77149658,,,,,,,
1.038,7.299682617,,,,,,,
1.039,10.12536621,,,,,,,
1.04,77.40018311,,,,,,,
1.041,2.119262695,,,,,,,
1.042,36.00391846,,,,,,,
1.043,8.712524414,,,,,,,
1.044,8.712524414,,,,,,,
1.045,66.59194336,,,,,,,
1.046,2.119262695,,,,,,,
1.047,32.7072876,,,,,,,
1.048,9.654418945,,,,,,,
1.049,8.241577148,,,,,,,
1.05,66.59194336,,,,,,,
1.051,2.119262695,,,,,,,
1.052,33.64918213,,,,,,,
1.053,9.654418945,,,,,,,
1.054,8.712524414,,,,,,,
1.055,67.53383789,,,,,,,
1.056,2.119262695,,,,,,,
1.057,33.64918213,,,,,,,
1.058,9.654418945,,,,,,,
1.059,8.712524414,,,,,,,
1.06,69.41762695,,,,,,,
1.061,2.119262695,,,,,,,
1.062,33.64918213,,,,,,,
1.063,8.241577148,,,,,,,
1.064,8.241577148,,,,,,,
1.065,66.59194336,,,,,,,
1.066,2.119262695,,,,,,,
1.067,33.64918213,,,,,,,
1.068,7.299682617,,,,,,,
1.069,8.712524414,,,,,,,
1.07,69.41762695,,,,,,,
1.071,2.119262695,,,,,,,
1.072,34.59107666,,,,,,,
1.073,6.828735352,,,,,,,
1.074,8.241577148,,,,,,,
1.075,69.88857422,,,,,,,
1.076,1.64831543,,,,,,,
1.077,33.17823486,,,,,,,
1.078,7.299682617,,,,,,,
1.079,7.299682617,,,,,,,
1.08,67.06289063,,,,,,,
1.081,1.64831543,,,,,,,
1.082,27.99781494,,,,,,,
1.083,5.88684082,,,,,,,
1.084,6.828735352,,,,,,,
1.085,60.94057617,,,,,,,
1.086,2.119262695,,,,,,,
1.087,26.11402588,,,,,,,
1.088,4.473999023,,,,,,,
1.089,6.357788086,,,,,,,
1.09,58.58583984,,,,,,,
1.091,1.177368164,,,,,,,
1.092,23.75928955,,,,,,,
1.093,4.003051758,,,,,,,
1.094,6.357788086,,,,,,,
1.095,53.40541992,,,,,,,
1.096,1.177368164,,,,,,,
1.097,21.87550049,,,,,,,
1.098,4.003051758,,,,,,,
1.099,5.415893555,,,,,,,
1.1,48.69594727,,,,,,,
1.101,1.64831543,,,,,,,
1.102,22.34644775,,,,,,,
1.103,3.532104492,,,,,,,
1.104,4.944946289,,,,,,,
1.105,41.18433838,,,,,,,
1.106,1.177368164,,,,,,,
1.107,21.87550049,,,,,,,
1.108,3.532104492,,,,,,,
1.109,4.944946289,,,,,,,
1.11,50.10878906,,,,,,,
1.111,0.706420898,,,,,,,
1.112,20.46265869,,,,,,,
1.113,2.119262695,,,,,,,
1.114,8.241577148,,,,,,,
1.115,48.69594727,,,,,,,
1.116,1.177368164,,,,,,,
1.117,30.35255127,,,,,,,
1.118,2.119262695,,,,,,,
1.119,9.654418945,,,,,,,
1.12,85.40628662,,,,,,,
1.121,3.061157227,,,,,,,
1.122,46.34121094,,,,,,,
1.123,2.590209961,,,,,,,
1.124,12.00915527,,,,,,,
1.125,133.8667603,,,,,,,
1.126,4.003051758,,,,,,,
1.127,61.8824707,,,,,,,
1.128,1.64831543,,,,,,,
1.129,12.9510498,,,,,,,
1.13,106.1044189,,,,,,,
1.131,2.119262695,,,,,,,
1.132,41.18433838,,,,,,,
1.133,0.235473633,,,,,,,
1.134,9.18347168,,,,,,,
1.135,82.10965576,,,,,,,
1.136,2.119262695,,,,,,,
1.137,40.24244385,,,,,,,
1.138,0.235473633,,,,,,,
1.139,7.770629883,,,,,,,
1.14,59.05678711,,,,,,,
1.141,1.64831543,,,,,,,
1.142,28.46876221,,,,,,,
1.143,0.235473633,,,,,,,
1.144,8.241577148,,,,,,,
1.145,45.87026367,,,,,,,
1.146,2.119262695,,,,,,,
1.147,33.64918213,,,,,,,
1.148,0.235473633,,,,,,,
1.149,10.12536621,,,,,,,
1.15,53.40541992,,,,,,,
1.151,2.590209961,,,,,,,
1.152,33.17823486,,,,,,,
1.153,0.235473633,,,,,,,
1.154,5.415893555,,,,,,,
1.155,44.48096924,,,,,,,
1.156,1.64831543,,,,,,,
1.157,29.881604,,,,,,,
1.158,0.235473633,,,,,,,
1.159,9.654418945,,,,,,,
1.16,97.62736816,,,,,,,
1.161,2.119262695,,,,,,,
1.162,36.00391846,,,,,,,
1.163,0.706420898,,,,,,,
1.164,10.59631348,,,,,,,
1.165,92.94144287,,,,,,,
1.166,2.590209961,,,,,,,
1.167,44.01002197,,,,,,,
1.168,0.706420898,,,,,,,
1.169,11.53820801,,,,,,,
1.17,79.28397217,,,,,,,
1.171,2.590209961,,,,,,,
1.172,43.06812744,,,,,,,
1.173,0.706420898,,,,,,,
1.174,11.53820801,,,,,,,
1.175,91.99954834,,,,,,,
1.176,2.590209961,,,,,,,
1.177,44.9519165,,,,,,,
1.178,0.706420898,,,,,,,
1.179,12.00915527,,,,,,,
1.18,70.35952148,,,,,,,
1.181,2.590209961,,,,,,,
1.182,41.65528564,,,,,,,
1.183,0.235473633,,,,,,,
1.184,11.06726074,,,,,,,
1.185,52.46352539,,,,,,,
1.186,2.590209961,,,,,,,
1.187,40.71339111,,,,,,,
1.188,0.706420898,,,,,,,
1.189,12.48010254,,,,,,,
1.19,50.10878906,,,,,,,
1.191,3.061157227,,,,,,,
1.192,50.57973633,,,,,,,
1.193,1.177368164,,,,,,,
1.194,16.24768066,,,,,,,
1.195,73.63260498,,,,,,,
1.196,4.003051758,,,,,,,
1.197,48.69594727,,,,,,,
1.198,1.177368164,,,,,,,
1.199,13.42199707,,,,,,,
1.2,60.46962891,,,,,,,
1.201,2.590209961,,,,,,,
1.202,38.82960205,,,,,,,
1.203,0.706420898,,,,,,,
1.204,12.48010254,,,,,,,
1.205,43.53907471,,,,,,,
1.206,2.590209961,,,,,,,
1.207,40.71339111,,,,,,,
1.208,0.706420898,,,,,,,
1.209,14.3638916,,,,,,,
1.21,43.53907471,,,,,,,
1.211,3.061157227,,,,,,,
1.212,46.8121582,,,,,,,
1.213,0.706420898,,,,,,,
1.214,13.42199707,,,,,,,
1.215,48.225,,,,,,,
1.216,3.061157227,,,,,,,
1.217,49.16689453,,,,,,,
1.218,0.706420898,,,,,,,
1.219,12.9510498,,,,,,,
1.22,27.99781494,,,,,,,
1.221,3.532104492,,,,,,,
1.222,53.87636719,,,,,,,
1.223,1.177368164,,,,,,,
1.224,15.30578613,,,,,,,
1.225,29.881604,,,,,,,
1.226,2.119262695,,,,,,,
1.227,36.00391846,,,,,,,
1.228,0.235473633,,,,,,,
1.229,9.654418945,,,,,,,
1.23,10.12536621,,,,,,,
1.231,1.177368164,,,,,,,
1.232,27.99781494,,,,,,,
1.233,0.235473633,,,,,,,
1.234,8.712524414,,,,,,,
1.235,4.003051758,,,,,,,
1.236,1.177368164,,,,,,,
1.237,23.28834229,,,,,,,
1.238,0.235473633,,,,,,,
1.239,6.828735352,,,,,,,
1.24,1.64831543,,,,,,,
1.241,1.64831543,,,,,,,
1.242,21.40455322,,,,,,,
1.243,-0.706420898,,,,,,,
1.244,8.241577148,,,,,,,
1.245,0.706420898,,,,,,,
1.246,1.64831543,,,,,,,
1.247,23.28834229,,,,,,,
1.248,0.235473633,,,,,,,
1.249,8.712524414,,,,,,,
1.25,6.828735352,,,,,,,
1.251,2.119262695,,,,,,,
1.252,27.05592041,,,,,,,
1.253,0.235473633,,,,,,,
1.254,12.00915527,,,,,,,
1.255,17.1895752,,,,,,,
1.256,3.061157227,,,,,,,
1.257,35.06202393,,,,,,,
1.258,0.706420898,,,,,,,
1.259,14.83483887,,,,,,,
1.26,22.34644775,,,,,,,
1.261,4.003051758,,,,,,,
1.262,49.16689453,,,,,,,
1.263,1.177368164,,,,,,,
1.264,19.54431152,,,,,,,
1.265,25.64307861,,,,,,,
1.266,4.944946289,,,,,,,
1.267,62.82436523,,,,,,,
1.268,1.177368164,,,,,,,
1.269,22.81739502,,,,,,,
1.27,25.17213135,,,,,,,
1.271,5.88684082,,,,,,,
1.272,67.53383789,,,,,,,
1.273,1.64831543,,,,,,,
1.274,25.64307861,,,,,,,
1.275,26.11402588,,,,,,,
1.276,6.828735352,,,,,,,
1.277,83.52249756,,,,,,,
1.278,1.64831543,,,,,,,
1.279,32.7072876,,,,,,,
1.28,33.17823486,,,,,,,
1.281,9.18347168,,,,,,,
1.282,101.3949463,,,,,,,
1.283,2.119262695,,,,,,,
1.284,38.82960205,,,,,,,
1.285,35.06202393,,,,,,,
1.286,10.12536621,,,,,,,
1.287,117.4071533,,,,,,,
1.288,3.061157227,,,,,,,
1.289,49.6378418,,,,,,,
1.29,43.06812744,,,,,,,
1.291,12.9510498,,,,,,,
1.292,143.7566528,,,,,,,
1.293,3.532104492,,,,,,,
1.294,53.87636719,,,,,,,
1.295,41.65528564,,,,,,,
1.296,14.3638916,,,,,,,
1.297,144.6985474,,,,,,,
1.298,4.003051758,,,,,,,
1.299,55.28920898,,,,,,,
1.3,35.06202393,,,,,,,
1.301,12.9510498,,,,,,,
1.302,132.4539185,,,,,,,
1.303,3.532104492,,,,,,,
1.304,49.6378418,,,,,,,
1.305,27.52686768,,,,,,,
1.306,11.53820801,,,,,,,
1.307,108.4591553,,,,,,,
1.308,3.061157227,,,,,,,
1.309,43.06812744,,,,,,,
1.31,23.75928955,,,,,,,
1.311,11.53820801,,,,,,,
1.312,116.9362061,,,,,,,
1.313,3.532104492,,,,,,,
1.314,51.99257813,,,,,,,
1.315,24.70118408,,,,,,,
1.316,13.42199707,,,,,,,
1.317,112.2267334,,,,,,,
1.318,3.061157227,,,,,,,
1.319,51.52163086,,,,,,,
1.32,20.46265869,,,,,,,
1.321,15.30578613,,,,,,,
1.322,130.0991821,,,,,,,
1.323,3.532104492,,,,,,,
1.324,54.81826172,,,,,,,
1.325,19.07336426,,,,,,,
1.326,15.30578613,,,,,,,
1.327,111.7557861,,,,,,,
1.328,4.003051758,,,,,,,
1.329,63.2953125,,,,,,,
1.33,14.83483887,,,,,,,
1.331,17.1895752,,,,,,,
1.332,93.41239014,,,,,,,
1.333,4.003051758,,,,,,,
1.334,53.40541992,,,,,,,
1.335,10.59631348,,,,,,,
1.336,14.3638916,,,,,,,
1.337,110.3429443,,,,,,,
1.338,4.944946289,,,,,,,
1.339,58.58583984,,,,,,,
1.34,8.712524414,,,,,,,
1.341,17.1895752,,,,,,,
1.342,85.40628662,,,,,,,
1.343,4.003051758,,,,,,,
1.344,59.05678711,,,,,,,
1.345,5.88684082,,,,,,,
1.346,13.89294434,,,,,,,
1.347,57.17299805,,,,,,,
1.348,3.061157227,,,,,,,
1.349,50.57973633,,,,,,,
1.35,4.003051758,,,,,,,
1.351,15.7767334,,,,,,,
1.352,66.12099609,,,,,,,
1.353,3.061157227,,,,,,,
1.354,34.12012939,,,,,,,
1.355,1.177368164,,,,,,,
1.356,9.18347168,,,,,,,
1.357,73.16165771,,,,,,,
1.358,2.590209961,,,,,,,
1.359,34.12012939,,,,,,,
1.36,1.64831543,,,,,,,
1.361,5.88684082,,,,,,,
1.362,58.11489258,,,,,,,
1.363,2.119262695,,,,,,,
1.364,31.2944458,,,,,,,
1.365,1.177368164,,,,,,,
1.366,11.06726074,,,,,,,
1.367,96.68547363,,,,,,,
1.368,3.061157227,,,,,,,
1.369,41.65528564,,,,,,,
1.37,1.64831543,,,,,,,
1.371,9.18347168,,,,,,,
1.372,114.1105225,,,,,,,
1.373,4.944946289,,,,,,,
1.374,79.28397217,,,,,,,
1.375,3.532104492,,,,,,,
1.376,16.71862793,,,,,,,
1.377,183.2691284,,,,,,,
1.378,5.415893555,,,,,,,
1.379,72.21976318,,,,,,,
1.38,3.061157227,,,,,,,
1.381,20.46265869,,,,,,,
1.382,189.3914429,,,,,,,
1.383,4.944946289,,,,,,,
1.384,71.74881592,,,,,,,
1.385,2.590209961,,,,,,,
1.386,21.87550049,,,,,,,
1.387,214.7990479,,,,,,,
1.388,4.944946289,,,,,,,
1.389,85.87723389,,,,,,,
1.39,2.590209961,,,,,,,
1.391,25.64307861,,,,,,,
1.392,208.6767334,,,,,,,
1.393,6.357788086,,,,,,,
1.394,96.68547363,,,,,,,
1.395,2.590209961,,,,,,,
1.396,26.58497314,,,,,,,
1.397,268.4399414,,,,,,,
1.398,7.770629883,,,,,,,
1.399,99.98210449,,,,,,,
1.4,2.590209961,,,,,,,
1.401,31.2944458,,,,,,,
1.402,248.189209,,,,,,,
1.403,6.828735352,,,,,,,
1.404,104.2206299,,,,,,,
1.405,2.119262695,,,,,,,
1.406,29.41065674,,,,,,,
1.407,241.1485474,,,,,,,
1.408,7.299682617,,,,,,,
1.409,107.5172607,,,,,,,
1.41,2.590209961,,,,,,,
1.411,30.82349854,,,,,,,
1.412,277.3643921,,,,,,,
1.413,8.712524414,,,,,,,
1.414,117.8781006,,,,,,,
1.415,2.119262695,,,,,,,
1.416,35.06202393,,,,,,,
1.417,258.0791016,,,,,,,
1.418,9.18347168,,,,,,,
1.419,130.5701294,,,,,,,
1.42,3.061157227,,,,,,,
1.421,45.39931641,,,,,,,
1.422,388.4137573,,,,,,,
1.423,13.89294434,,,,,,,
1.424,179.9724976,,,,,,,
1.425,4.473999023,,,,,,,
1.426,58.11489258,,,,,,,
1.427,414.7632568,,,,,,,
1.428,15.7767334,,,,,,,
1.429,192.6880737,,,,,,,
1.43,4.473999023,,,,,,,
1.431,59.99868164,,,,,,,
1.432,391.2394409,,,,,,,
1.433,17.1895752,,,,,,,
1.434,236.910022,,,,,,,
1.435,4.944946289,,,,,,,
1.436,76.92923584,,,,,,,
1.437,467.9332031,,,,,,,
1.438,21.40455322,,,,,,,
1.439,269.3818359,,,,,,,
1.44,5.88684082,,,,,,,
1.441,83.99344482,,,,,,,
1.442,475.9393066,,,,,,,
1.443,23.28834229,,,,,,,
1.444,298.0860718,,,,,,,
1.445,7.299682617,,,,,,,
1.446,93.8833374,,,,,,,
1.447,490.0441772,,,,,,,
1.448,25.17213135,,,,,,,
1.449,312.6618896,,,,,,,
1.45,6.828735352,,,,,,,
1.451,93.41239014,,,,,,,
1.452,427.4552856,,,,,,,
1.453,25.17213135,,,,,,,
1.454,308.4233643,,,,,,,
1.455,6.357788086,,,,,,,
1.456,92.94144287,,,,,,,
1.457,405.8152588,,,,,,,
1.458,21.87550049,,,,,,,
1.459,235.0262329,,,,,,,
1.46,5.415893555,,,,,,,
1.461,76.45828857,,,,,,,
1.462,341.3661255,,,,,,,
1.463,21.40455322,,,,,,,
1.464,256.6662598,,,,,,,
1.465,5.88684082,,,,,,,
1.466,74.57449951,,,,,,,
1.467,248.189209,,,,,,,
1.468,17.1895752,,,,,,,
1.469,215.7409424,,,,,,,
1.47,5.415893555,,,,,,,
1.471,73.63260498,,,,,,,
1.472,288.6671265,,,,,,,
1.473,20.46265869,,,,,,,
1.474,237.3809692,,,,,,,
1.475,5.415893555,,,,,,,
1.476,68.00478516,,,,,,,
1.477,252.4277344,,,,,,,
1.478,16.71862793,,,,,,,
1.479,156.4486816,,,,,,,
1.48,3.061157227,,,,,,,
1.481,48.225,,,,,,,
1.482,156.9196289,,,,,,,
1.483,11.53820801,,,,,,,
1.484,133.395813,,,,,,,
1.485,3.061157227,,,,,,,
1.486,52.93447266,,,,,,,
1.487,171.5189941,,,,,,,
1.488,15.7767334,,,,,,,
1.489,160.2162598,,,,,,,
1.49,3.532104492,,,,,,,
1.491,55.76015625,,,,,,,
1.492,160.687207,,,,,,,
1.493,12.9510498,,,,,,,
1.494,138.1052856,,,,,,,
1.495,3.532104492,,,,,,,
1.496,51.99257813,,,,,,,
1.497,148.9135254,,,,,,,
1.498,12.48010254,,,,,,,
1.499,147.9716309,,,,,,,
1.5,3.532104492,,,,,,,
1.501,56.70205078,,,,,,,
1.502,155.5067871,,,,,,,
1.503,15.7767334,,,,,,,
1.504,180.4434448,,,,,,,
1.505,4.944946289,,,,,,,
1.506,72.21976318,,,,,,,
1.507,189.3914429,,,,,,,
1.508,20.46265869,,,,,,,
1.509,243.974231,,,,,,,
1.51,6.357788086,,,,,,,
1.511,99.04020996,,,,,,,
1.512,225.1363403,,,,,,,
1.513,27.05592041,,,,,,,
1.514,292.9056519,,,,,,,
1.515,6.828735352,,,,,,,
1.516,94.35428467,,,,,,,
1.517,184.2110229,,,,,,,
1.518,22.81739502,,,,,,,
1.519,221.3923096,,,,,,,
1.52,4.944946289,,,,,,,
1.521,57.17299805,,,,,,,
1.522,86.81912842,,,,,,,
1.523,11.53820801,,,,,,,
1.524,100.4530518,,,,,,,
1.525,1.64831543,,,,,,,
1.526,21.87550049,,,,,,,
1.527,18.13146973,,,,,,,
1.528,2.590209961,,,,,,,
1.529,35.06202393,,,,,,,
1.53,0.706420898,,,,,,,
1.531,8.712524414,,,,,,,
1.532,3.061157227,,,,,,,
1.533,1.177368164,,,,,,,
1.534,16.24768066,,,,,,,
1.535,0.235473633,,,,,,,
1.536,8.712524414,,,,,,,
1.537,0.706420898,,,,,,,
1.538,3.061157227,,,,,,,
1.539,36.47486572,,,,,,,
1.54,1.177368164,,,,,,,
1.541,25.64307861,,,,,,,
1.542,15.30578613,,,,,,,
1.543,8.712524414,,,,,,,
1.544,93.8833374,,,,,,,
1.545,2.590209961,,,,,,,
1.546,46.34121094,,,,,,,
1.547,33.17823486,,,,,,,
1.548,15.30578613,,,,,,,
1.549,165.867627,,,,,,,
1.55,5.415893555,,,,,,,
1.551,85.87723389,,,,,,,
1.552,32.7072876,,,,,,,
1.553,27.99781494,,,,,,,
1.554,278.7772339,,,,,,,
1.555,9.18347168,,,,,,,
1.556,132.4539185,,,,,,,
1.557,40.24244385,,,,,,,
1.558,39.30054932,,,,,,,
1.559,360.651416,,,,,,,
1.56,11.06726074,,,,,,,
1.561,156.9196289,,,,,,,
1.562,42.59718018,,,,,,,
1.563,43.53907471,,,,,,,
1.564,383.2333374,,,,,,,
1.565,12.00915527,,,,,,,
1.566,159.7453125,,,,,,,
1.567,36.94581299,,,,,,,
1.568,44.01002197,,,,,,,
1.569,379.9367065,,,,,,,
1.57,12.00915527,,,,,,,
1.571,167.751416,,,,,,,
1.572,33.64918213,,,,,,,
1.573,45.39931641,,,,,,,
1.574,365.8318359,,,,,,,
1.575,11.53820801,,,,,,,
1.576,176.6758667,,,,,,,
1.577,28.93970947,,,,,,,
1.578,46.34121094,,,,,,,
1.579,387.9428101,,,,,,,
1.58,12.48010254,,,,,,,
1.581,168.2223633,,,,,,,
1.582,25.64307861,,,,,,,
1.583,47.28310547,,,,,,,
1.584,410.0537842,,,,,,,
1.585,13.42199707,,,,,,,
1.586,184.6819702,,,,,,,
1.587,25.17213135,,,,,,,
1.588,50.57973633,,,,,,,
1.589,414.7632568,,,,,,,
1.59,13.89294434,,,,,,,
1.591,196.4556519,,,,,,,
1.592,22.81739502,,,,,,,
1.593,51.99257813,,,,,,,
1.594,414.7632568,,,,,,,
1.595,13.89294434,,,,,,,
1.596,183.2691284,,,,,,,
1.597,18.60241699,,,,,,,
1.598,50.10878906,,,,,,,
1.599,410.0537842,,,,,,,
1.6,13.89294434,,,,,,,
1.601,183.2691284,,,,,,,
1.602,16.24768066,,,,,,,
1.603,47.28310547,,,,,,,
1.604,364.4189941,,,,,,,
1.605,12.48010254,,,,,,,
1.606,160.2162598,,,,,,,
1.607,13.42199707,,,,,,,
1.608,43.53907471,,,,,,,
1.609,342.7789673,,,,,,,
1.61,12.48010254,,,,,,,
1.611,165.3966797,,,,,,,
1.612,12.9510498,,,,,,,
1.613,44.01002197,,,,,,,
1.614,310.7781006,,,,,,,
1.615,10.12536621,,,,,,,
1.616,119.2909424,,,,,,,
1.617,8.241577148,,,,,,,
1.618,28.93970947,,,,,,,
1.619,234.0843384,,,,,,,
1.62,7.770629883,,,,,,,
1.621,110.3429443,,,,,,,
1.622,7.299682617,,,,,,,
1.623,27.99781494,,,,,,,
1.624,217.1537842,,,,,,,
1.625,7.770629883,,,,,,,
1.626,105.6334717,,,,,,,
1.627,7.299682617,,,,,,,
1.628,27.99781494,,,,,,,
1.629,205.3801025,,,,,,,
1.63,7.299682617,,,,,,,
1.631,114.5814697,,,,,,,
1.632,8.712524414,,,,,,,
1.633,37.88770752,,,,,,,
1.634,286.7833374,,,,,,,
1.635,11.06726074,,,,,,,
1.636,159.2743652,,,,,,,
1.637,10.12536621,,,,,,,
1.638,44.9519165,,,,,,,
1.639,296.2022827,,,,,,,
1.64,12.00915527,,,,,,,
1.641,159.2743652,,,,,,,
1.642,11.06726074,,,,,,,
1.643,44.48096924,,,,,,,
1.644,290.0799683,,,,,,,
1.645,12.00915527,,,,,,,
1.646,167.2804688,,,,,,,
1.647,10.59631348,,,,,,,
1.648,44.9519165,,,,,,,
1.649,290.0799683,,,,,,,
1.65,12.9510498,,,,,,,
1.651,164.4547852,,,,,,,
1.652,9.18347168,,,,,,,
1.653,44.01002197,,,,,,,
1.654,275.9515503,,,,,,,
1.655,11.53820801,,,,,,,
1.656,169.1642578,,,,,,,
1.657,8.241577148,,,,,,,
1.658,42.59718018,,,,,,,
1.659,270.3237305,,,,,,,
1.66,12.48010254,,,,,,,
1.661,164.9257324,,,,,,,
1.662,7.770629883,,,,,,,
1.663,44.9519165,,,,,,,
1.664,262.317627,,,,,,,
1.665,12.00915527,,,,,,,
1.666,163.0419434,,,,,,,
1.667,7.299682617,,,,,,,
1.668,44.01002197,,,,,,,
1.669,244.4451782,,,,,,,
1.67,11.53820801,,,,,,,
1.671,164.4547852,,,,,,,
1.672,6.828735352,,,,,,,
1.673,50.57973633,,,,,,,
1.674,288.1961792,,,,,,,
1.675,12.9510498,,,,,,,
1.676,139.9890747,,,,,,,
1.677,5.88684082,,,,,,,
1.678,37.88770752,,,,,,,
1.679,195.9847046,,,,,,,
1.68,10.12536621,,,,,,,
1.681,123.9768677,,,,,,,
1.682,4.944946289,,,,,,,
1.683,35.06202393,,,,,,,
1.684,196.9265991,,,,,,,
1.685,11.06726074,,,,,,,
1.686,142.343811,,,,,,,
1.687,4.003051758,,,,,,,
1.688,38.82960205,,,,,,,
1.689,203.4963135,,,,,,,
1.69,11.53820801,,,,,,,
1.691,166.8095215,,,,,,,
1.692,5.415893555,,,,,,,
1.693,49.16689453,,,,,,,
1.694,256.6662598,,,,,,,
1.695,15.7767334,,,,,,,
1.696,203.4963135,,,,,,,
1.697,6.357788086,,,,,,,
1.698,56.23110352,,,,,,,
1.699,256.6662598,,,,,,,
1.7,15.30578613,,,,,,,
1.701,179.030603,,,,,,,
1.702,5.415893555,,,,,,,
1.703,53.40541992,,,,,,,
1.704,252.8986816,,,,,,,
1.705,16.71862793,,,,,,,
1.706,229.845813,,,,,,,
1.707,6.357788086,,,,,,,
1.708,65.65004883,,,,,,,
1.709,275.480603,,,,,,,
1.71,16.71862793,,,,,,,
1.711,215.7409424,,,,,,,
1.712,4.944946289,,,,,,,
1.713,59.99868164,,,,,,,
1.714,244.9161255,,,,,,,
1.715,15.30578613,,,,,,,
1.716,211.502417,,,,,,,
1.717,5.415893555,,,,,,,
1.718,60.94057617,,,,,,,
1.719,275.0096558,,,,,,,
1.72,16.71862793,,,,,,,
1.721,229.3748657,,,,,,,
1.722,5.415893555,,,,,,,
1.723,61.8824707,,,,,,,
1.724,233.1424438,,,,,,,
1.725,16.24768066,,,,,,,
1.726,216.6828369,,,,,,,
1.727,4.944946289,,,,,,,
1.728,58.58583984,,,,,,,
1.729,224.1944458,,,,,,,
1.73,15.7767334,,,,,,,
1.731,209.6186279,,,,,,,
1.732,4.473999023,,,,,,,
1.733,56.70205078,,,,,,,
1.734,199.2577881,,,,,,,
1.735,14.83483887,,,,,,,
1.736,191.2752319,,,,,,,
1.737,3.061157227,,,,,,,
1.738,52.46352539,,,,,,,
1.739,184.2110229,,,,,,,
1.74,14.3638916,,,,,,,
1.741,190.3333374,,,,,,,
1.742,4.003051758,,,,,,,
1.743,53.87636719,,,,,,,
1.744,185.1529175,,,,,,,
1.745,14.83483887,,,,,,,
1.746,196.4556519,,,,,,,
1.747,4.003051758,,,,,,,
1.748,56.23110352,,,,,,,
1.749,186.094812,,,,,,,
1.75,15.30578613,,,,,,,
1.751,202.5544189,,,,,,,
1.752,4.003051758,,,,,,,
1.753,55.76015625,,,,,,,
1.754,179.9724976,,,,,,,
1.755,16.24768066,,,,,,,
1.756,199.7287354,,,,,,,
1.757,4.473999023,,,,,,,
1.758,50.57973633,,,,,,,
1.759,167.751416,,,,,,,
1.76,15.30578613,,,,,,,
1.761,196.9265991,,,,,,,
1.762,4.473999023,,,,,,,
1.763,61.41152344,,,,,,,
1.764,193.6299683,,,,,,,
1.765,17.1895752,,,,,,,
1.766,237.8519165,,,,,,,
1.767,4.944946289,,,,,,,
1.768,64.7081543,,,,,,,
1.769,190.3333374,,,,,,,
1.77,16.24768066,,,,,,,
1.771,226.0782349,,,,,,,
1.772,4.473999023,,,,,,,
1.773,61.41152344,,,,,,,
1.774,176.6758667,,,,,,,
1.775,16.24768066,,,,,,,
1.776,213.3862061,,,,,,,
1.777,4.003051758,,,,,,,
1.778,59.99868164,,,,,,,
1.779,162.1000488,,,,,,,
1.78,15.7767334,,,,,,,
1.781,206.7929443,,,,,,,
1.782,4.473999023,,,,,,,
1.783,67.53383789,,,,,,,
1.784,196.9265991,,,,,,,
1.785,19.07336426,,,,,,,
1.786,243.0323364,,,,,,,
1.787,4.944946289,,,,,,,
1.788,68.47573242,,,,,,,
1.789,193.6299683,,,,,,,
1.79,19.99171143,,,,,,,
1.791,284.8995483,,,,,,,
1.792,6.357788086,,,,,,,
1.793,78.8130249,,,,,,,
1.794,205.3801025,,,,,,,
1.795,18.60241699,,,,,,,
1.796,234.0843384,,,,,,,
1.797,4.473999023,,,,,,,
1.798,64.23720703,,,,,,,
1.799,177.146814,,,,,,,
1.8,17.1895752,,,,,,,
1.801,221.3923096,,,,,,,
1.802,4.473999023,,,,,,,
1.803,58.11489258,,,,,,,
1.804,158.3324707,,,,,,,
1.805,15.30578613,,,,,,,
1.806,214.7990479,,,,,,,
1.807,4.944946289,,,,,,,
1.808,62.82436523,,,,,,,
1.809,175.7339722,,,,,,,
1.81,17.66052246,,,,,,,
1.811,232.2005493,,,,,,,
1.812,4.944946289,,,,,,,
1.813,67.53383789,,,,,,,
1.814,182.7981812,,,,,,,
1.815,17.66052246,,,,,,,
1.816,239.2647583,,,,,,,
1.817,4.944946289,,,,,,,
1.818,67.06289063,,,,,,,
1.819,179.5015503,,,,,,,
1.82,18.60241699,,,,,,,
1.821,248.6601563,,,,,,,
1.822,4.944946289,,,,,,,
1.823,67.06289063,,,,,,,
1.824,165.3966797,,,,,,,
1.825,16.71862793,,,,,,,
1.826,232.2005493,,,,,,,
1.827,4.944946289,,,,,,,
1.828,68.00478516,,,,,,,
1.829,170.1061523,,,,,,,
1.83,17.66052246,,,,,,,
1.831,233.1424438,,,,,,,
1.832,4.473999023,,,,,,,
1.833,65.17910156,,,,,,,
1.834,166.3385742,,,,,,,
1.835,17.66052246,,,,,,,
1.836,227.4910767,,,,,,,
1.837,4.944946289,,,,,,,
1.838,67.06289063,,,,,,,
1.839,171.0480469,,,,,,,
1.84,19.07336426,,,,,,,
1.841,255.253418,,,,,,,
1.842,4.944946289,,,,,,,
1.843,67.53383789,,,,,,,
1.844,174.7920776,,,,,,,
1.845,19.07336426,,,,,,,
1.846,245.85802,,,,,,,
1.847,4.944946289,,,,,,,
1.848,67.06289063,,,,,,,
1.849,163.0419434,,,,,,,
1.85,17.66052246,,,,,,,
1.851,242.5613892,,,,,,,
1.852,5.415893555,,,,,,,
1.853,67.53383789,,,,,,,
1.854,170.1061523,,,,,,,
1.855,19.54431152,,,,,,,
1.856,257.137207,,,,,,,
1.857,4.003051758,,,,,,,
1.858,65.65004883,,,,,,,
1.859,150.3263672,,,,,,,
1.86,18.13146973,,,,,,,
1.861,262.317627,,,,,,,
1.862,5.88684082,,,,,,,
1.863,77.87113037,,,,,,,
1.864,180.9143921,,,,,,,
1.865,22.34644775,,,,,,,
1.866,284.4286011,,,,,,,
1.867,5.415893555,,,,,,,
1.868,80.69681396,,,,,,,
1.869,180.9143921,,,,,,,
1.87,22.34644775,,,,,,,
1.871,292.9056519,,,,,,,
1.872,5.415893555,,,,,,,
1.873,78.34207764,,,,,,,
1.874,156.9196289,,,,,,,
1.875,19.54431152,,,,,,,
1.876,238.3228638,,,,,,,
1.877,4.473999023,,,,,,,
1.878,66.12099609,,,,,,,
1.879,134.3377075,,,,,,,
1.88,14.83483887,,,,,,,
1.881,198.3158936,,,,,,,
1.882,4.003051758,,,,,,,
1.883,70.35952148,,,,,,,
1.884,151.739209,,,,,,,
1.885,20.93360596,,,,,,,
1.886,211.502417,,,,,,,
1.887,4.003051758,,,,,,,
1.888,67.06289063,,,,,,,
1.889,155.9777344,,,,,,,
1.89,16.71862793,,,,,,,
1.891,245.3870728,,,,,,,
1.892,4.944946289,,,,,,,
1.893,59.05678711,,,,,,,
1.894,115.9943115,,,,,,,
1.895,19.99171143,,,,,,,
1.896,289.609021,,,,,,,
1.897,5.88684082,,,,,,,
1.898,69.88857422,,,,,,,
1.899,119.7618896,,,,,,,
1.9,17.1895752,,,,,,,
1.901,224.1944458,,,,,,,
1.902,4.473999023,,,,,,,
1.903,64.23720703,,,,,,,
1.904,110.3429443,,,,,,,
1.905,17.66052246,,,,,,,
1.906,231.2586548,,,,,,,
1.907,4.944946289,,,,,,,
1.908,67.06289063,,,,,,,
1.909,109.8719971,,,,,,,
1.91,17.1895752,,,,,,,
1.911,226.0782349,,,,,,,
1.912,4.473999023,,,,,,,
1.913,66.59194336,,,,,,,
1.914,104.6915771,,,,,,,
1.915,19.07336426,,,,,,,
1.916,262.317627,,,,,,,
1.917,5.415893555,,,,,,,
1.918,77.87113037,,,,,,,
1.919,109.4010498,,,,,,,
1.92,19.07336426,,,,,,,
1.921,232.2005493,,,,,,,
1.922,4.473999023,,,,,,,
1.923,66.59194336,,,,,,,
1.924,99.04020996,,,,,,,
1.925,21.87550049,,,,,,,
1.926,318.7842041,,,,,,,
1.927,7.770629883,,,,,,,
1.928,125.8606567,,,,,,,
1.929,165.3966797,,,,,,,
1.93,29.41065674,,,,,,,
1.931,375.6981812,,,,,,,
1.932,8.712524414,,,,,,,
1.933,104.6915771,,,,,,,
1.934,143.7566528,,,,,,,
1.935,32.7072876,,,,,,,
1.936,348.9012817,,,,,,,
1.937,6.357788086,,,,,,,
1.938,78.8130249,,,,,,,
1.939,79.75491943,,,,,,,
1.94,17.1895752,,,,,,,
1.941,195.9847046,,,,,,,
1.942,3.532104492,,,,,,,
1.943,48.69594727,,,,,,,
1.944,46.34121094,,,,,,,
1.945,11.53820801,,,,,,,
1.946,143.7566528,,,,,,,
1.947,2.590209961,,,,,,,
1.948,43.06812744,,,,,,,
1.949,57.17299805,,,,,,,
1.95,19.99171143,,,,,,,
1.951,291.0218628,,,,,,,
1.952,6.828735352,,,,,,,
1.953,103.7496826,,,,,,,
1.954,106.1044189,,,,,,,
1.955,28.93970947,,,,,,,
1.956,324.4120239,,,,,,,
1.957,6.828735352,,,,,,,
1.958,89.64481201,,,,,,,
1.959,84.46439209,,,,,,,
1.96,26.11402588,,,,,,,
1.961,339.9532837,,,,,,,
1.962,7.299682617,,,,,,,
1.963,102.8077881,,,,,,,
1.964,86.34818115,,,,,,,
1.965,29.41065674,,,,,,,
1.966,359.7095215,,,,,,,
1.967,8.241577148,,,,,,,
1.968,115.9943115,,,,,,,
1.969,83.05155029,,,,,,,
1.97,31.76539307,,,,,,,
1.971,360.651416,,,,,,,
1.972,8.241577148,,,,,,,
1.973,115.9943115,,,,,,,
1.974,73.63260498,,,,,,,
1.975,30.35255127,,,,,,,
1.976,355.4709961,,,,,,,
1.977,8.712524414,,,,,,,
1.978,115.9943115,,,,,,,
1.979,70.80692139,,,,,,,
1.98,30.82349854,,,,,,,
1.981,325.3539185,,,,,,,
1.982,6.828735352,,,,,,,
1.983,89.17386475,,,,,,,
1.984,43.06812744,,,,,,,
1.985,16.71862793,,,,,,,
1.986,171.5189941,,,,,,,
1.987,4.003051758,,,,,,,
1.988,64.23720703,,,,,,,
1.989,37.41676025,,,,,,,
1.99,21.40455322,,,,,,,
1.991,262.317627,,,,,,,
1.992,6.357788086,,,,,,,
1.993,87.76102295,,,,,,,
1.994,41.65528564,,,,,,,
1.995,20.46265869,,,,,,,
1.996,204.438208,,,,,,,
1.997,4.473999023,,,,,,,
1.998,57.64394531,,,,,,,
1.999,27.99781494,,,,,,,
2,20.46265869,,,,,,,
2.001,249.1311035,,,,,,,
2.002,5.88684082,,,,,,,
2.003,82.10965576,,,,,,,
2.004,34.12012939,,,,,,,
2.005,21.87550049,,,,,,,
2.006,219.9794678,,,,,,,
2.007,5.415893555,,,,,,,
2.008,75.98734131,,,,,,,
2.009,31.2944458,,,,,,,
2.01,22.81739502,,,,,,,
2.011,254.7824707,,,,,,,
2.012,7.299682617,,,,,,,
2.013,108.4591553,,,,,,,
2.014,59.05678711,,,,,,,
2.015,29.41065674,,,,,,,
2.016,356.8838379,,,,,,,
2.017,9.18347168,,,,,,,
2.018,136.2214966,,,,,,,
2.019,69.88857422,,,,,,,
2.02,12.48010254,,,,,,,
2.021,133.395813,,,,,,,
2.022,2.590209961,,,,,,,
2.023,45.87026367,,,,,,,
2.024,60.94057617,,,,,,,
2.025,10.59631348,,,,,,,
2.026,115.9943115,,,,,,,
2.027,3.061157227,,,,,,,
2.028,39.30054932,,,,,,,
2.029,54.34731445,,,,,,,
2.03,9.654418945,,,,,,,
2.031,109.4010498,,,,,,,
2.032,2.590209961,,,,,,,
2.033,39.77149658,,,,,,,
2.034,46.34121094,,,,,,,
2.035,8.241577148,,,,,,,
2.036,100.4530518,,,,,,,
2.037,2.590209961,,,,,,,
2.038,39.30054932,,,,,,,
2.039,65.17910156,,,,,,,
2.04,12.9510498,,,,,,,
2.041,110.3429443,,,,,,,
2.042,2.119262695,,,,,,,
2.043,49.16689453,,,,,,,
2.044,88.23197021,,,,,,,
2.045,14.83483887,,,,,,,
2.046,83.99344482,,,,,,,
2.047,2.119262695,,,,,,,
2.048,47.28310547,,,,,,,
2.049,68.47573242,,,,,,,
2.05,15.7767334,,,,,,,
2.051,190.3333374,,,,,,,
2.052,4.003051758,,,,,,,
2.053,68.47573242,,,,,,,
2.054,53.40541992,,,,,,,
2.055,11.06726074,,,,,,,
2.056,78.8130249,,,,,,,
2.057,1.64831543,,,,,,,
2.058,34.12012939,,,,,,,
2.059,51.52163086,,,,,,,
2.06,13.42199707,,,,,,,
2.061,103.7496826,,,,,,,
2.062,2.119262695,,,,,,,
2.063,23.75928955,,,,,,,
2.064,22.34644775,,,,,,,
2.065,5.88684082,,,,,,,
2.066,85.40628662,,,,,,,
2.067,2.590209961,,,,,,,
2.068,48.225,,,,,,,
2.069,36.00391846,,,,,,,
2.07,9.654418945,,,,,,,
2.071,89.64481201,,,,,,,
2.072,1.64831543,,,,,,,
2.073,30.82349854,,,,,,,
2.074,27.52686768,,,,,,,
2.075,8.712524414,,,,,,,
2.076,96.21452637,,,,,,,
2.077,2.590209961,,,,,,,
2.078,33.64918213,,,,,,,
2.079,27.05592041,,,,,,,
2.08,10.59631348,,,,,,,
2.081,103.7496826,,,,,,,
2.082,2.119262695,,,,,,,
2.083,35.53297119,,,,,,,
2.084,45.87026367,,,,,,,
2.085,9.18347168,,,,,,,
2.086,93.41239014,,,,,,,
2.087,2.119262695,,,,,,,
2.088,36.00391846,,,,,,,
2.089,48.69594727,,,,,,,
2.09,9.654418945,,,,,,,
2.091,97.62736816,,,,,,,
2.092,2.119262695,,,,,,,
2.093,32.23634033,,,,,,,
2.094,42.59718018,,,,,,,
2.095,8.712524414,,,,,,,
2.096,102.8077881,,,,,,,
2.097,2.119262695,,,,,,,
2.098,36.94581299,,,,,,,
2.099,40.24244385,,,,,,,
2.1,8.241577148,,,,,,,
2.101,98.5692627,,,,,,,
2.102,2.119262695,,,,,,,
2.103,39.77149658,,,,,,,
2.104,45.39931641,,,,,,,
2.105,9.654418945,,,,,,,
2.106,106.1044189,,,,,,,
2.107,2.119262695,,,,,,,
2.108,37.41676025,,,,,,,
2.109,36.00391846,,,,,,,
2.11,8.712524414,,,,,,,
2.111,96.68547363,,,,,,,
2.112,2.119262695,,,,,,,
2.113,34.12012939,,,,,,,
2.114,31.76539307,,,,,,,
2.115,7.770629883,,,,,,,
2.116,86.34818115,,,,,,,
2.117,1.64831543,,,,,,,
2.118,32.23634033,,,,,,,
2.119,26.58497314,,,,,,,
2.12,7.770629883,,,,,,,
2.121,82.58060303,,,,,,,
2.122,1.64831543,,,,,,,
2.123,35.06202393,,,,,,,
2.124,29.41065674,,,,,,,
2.125,9.18347168,,,,,,,
2.126,103.2787354,,,,,,,
2.127,2.590209961,,,,,,,
2.128,45.39931641,,,,,,,
2.129,39.30054932,,,,,,,
2.13,12.00915527,,,,,,,
2.131,119.7618896,,,,,,,
2.132,3.061157227,,,,,,,
2.133,42.59718018,,,,,,,
2.134,30.35255127,,,,,,,
2.135,10.12536621,,,,,,,
2.136,101.3949463,,,,,,,
2.137,1.64831543,,,,,,,
2.138,36.94581299,,,,,,,
2.139,26.58497314,,,,,,,
2.14,9.18347168,,,,,,,
2.141,97.62736816,,,,,,,
2.142,2.590209961,,,,,,,
2.143,37.41676025,,,,,,,
2.144,24.70118408,,,,,,,
2.145,9.654418945,,,,,,,
2.146,103.7496826,,,,,,,
2.147,2.590209961,,,,,,,
2.148,40.71339111,,,,,,,
2.149,27.52686768,,,,,,,
2.15,10.59631348,,,,,,,
2.151,115.9943115,,,,,,,
2.152,2.590209961,,,,,,,
2.153,44.48096924,,,,,,,
2.154,26.11402588,,,,,,,
2.155,11.06726074,,,,,,,
2.156,115.5233643,,,,,,,
2.157,2.590209961,,,,,,,
2.158,42.12623291,,,,,,,
2.159,23.75928955,,,,,,,
2.16,11.06726074,,,,,,,
2.161,120.7037842,,,,,,,
2.162,2.590209961,,,,,,,
2.163,45.87026367,,,,,,,
2.164,22.81739502,,,,,,,
2.165,11.53820801,,,,,,,
2.166,128.6863403,,,,,,,
2.167,3.532104492,,,,,,,
2.168,55.28920898,,,,,,,
2.169,26.58497314,,,,,,,
2.17,16.71862793,,,,,,,
2.171,184.2110229,,,,,,,
2.172,3.061157227,,,,,,,
2.173,51.99257813,,,,,,,
2.174,23.28834229,,,,,,,
2.175,13.42199707,,,,,,,
2.176,162.5709961,,,,,,,
2.177,4.003051758,,,,,,,
2.178,73.16165771,,,,,,,
2.179,35.53297119,,,,,,,
2.18,17.1895752,,,,,,,
2.181,161.6291016,,,,,,,
2.182,3.061157227,,,,,,,
2.183,54.81826172,,,,,,,
2.184,19.07336426,,,,,,,
2.185,10.12536621,,,,,,,
2.186,99.51115723,,,,,,,
2.187,1.64831543,,,,,,,
2.188,32.23634033,,,,,,,
2.189,15.7767334,,,,,,,
2.19,11.53820801,,,,,,,
2.191,115.052417,,,,,,,
2.192,3.061157227,,,,,,,
2.193,50.10878906,,,,,,,
2.194,19.07336426,,,,,,,
2.195,14.83483887,,,,,,,
2.196,154.0939453,,,,,,,
2.197,4.473999023,,,,,,,
2.198,58.58583984,,,,,,,
2.199,14.3638916,,,,,,,
2.2,15.30578613,,,,,,,
2.201,150.3263672,,,,,,,
2.202,4.003051758,,,,,,,
2.203,57.64394531,,,,,,,
2.204,9.18347168,,,,,,,
2.205,15.30578613,,,,,,,
2.206,147.9716309,,,,,,,
2.207,4.003051758,,,,,,,
2.208,59.99868164,,,,,,,
2.209,9.18347168,,,,,,,
2.21,16.24768066,,,,,,,
2.211,155.9777344,,,,,,,
2.212,4.473999023,,,,,,,
2.213,53.87636719,,,,,,,
2.214,8.241577148,,,,,,,
2.215,15.30578613,,,,,,,
2.216,138.1052856,,,,,,,
2.217,3.061157227,,,,,,,
2.218,50.57973633,,,,,,,
2.219,7.299682617,,,,,,,
2.22,12.9510498,,,,,,,
2.221,129.6282349,,,,,,,
2.222,3.061157227,,,,,,,
2.223,48.225,,,,,,,
2.224,6.828735352,,,,,,,
2.225,11.53820801,,,,,,,
2.226,108.9301025,,,,,,,
2.227,3.061157227,,,,,,,
2.228,44.01002197,,,,,,,
2.229,5.88684082,,,,,,,
2.23,10.12536621,,,,,,,
2.231,89.64481201,,,,,,,
2.232,1.64831543,,,,,,,
2.233,27.52686768,,,,,,,
2.234,2.590209961,,,,,,,
2.235,4.473999023,,,,,,,
2.236,41.18433838,,,,,,,
2.237,1.177368164,,,,,,,
2.238,12.9510498,,,,,,,
2.239,0.706420898,,,,,,,
2.24,3.061157227,,,,,,,
2.241,18.60241699,,,,,,,
2.242,1.177368164,,,,,,,
2.243,19.54431152,,,,,,,
2.244,4.003051758,,,,,,,
2.245,6.828735352,,,,,,,
2.246,37.88770752,,,,,,,
2.247,3.061157227,,,,,,,
2.248,42.12623291,,,,,,,
2.249,6.357788086,,,,,,,
2.25,13.89294434,,,,,,,
2.251,99.51115723,,,,,,,
2.252,4.944946289,,,,,,,
2.253,67.53383789,,,,,,,
2.254,7.299682617,,,,,,,
2.255,18.13146973,,,,,,,
2.256,130.5701294,,,,,,,
2.257,4.473999023,,,,,,,
2.258,68.47573242,,,,,,,
2.259,6.828735352,,,,,,,
2.26,18.60241699,,,,,,,
2.261,145.6404419,,,,,,,
2.262,4.944946289,,,,,,,
2.263,67.53383789,,,,,,,
2.264,5.88684082,,,,,,,
2.265,17.1895752,,,,,,,
2.266,132.4539185,,,,,,,
2.267,4.003051758,,,,,,,
2.268,50.10878906,,,,,,,
2.269,4.003051758,,,,,,,
2.27,10.59631348,,,,,,,
2.271,96.68547363,,,,,,,
2.272,2.590209961,,,,,,,
2.273,33.64918213,,,,,,,
2.274,2.590209961,,,,,,,
2.275,6.828735352,,,,,,,
2.276,61.41152344,,,,,,,
2.277,1.177368164,,,,,,,
2.278,18.60241699,,,,,,,
2.279,0.706420898,,,,,,,
2.28,3.061157227,,,,,,,
2.281,17.66052246,,,,,,,
2.282,0.235473633,,,,,,,
2.283,9.18347168,,,,,,,
2.284,1.177368164,,,,,,,
2.285,2.119262695,,,,,,,
2.286,13.42199707,,,,,,,
2.287,1.177368164,,,,,,,
2.288,22.34644775,,,,,,,
2.289,2.119262695,,,,,,,
2.29,6.828735352,,,,,,,
2.291,47.75405273,,,,,,,
2.292,2.119262695,,,,,,,
2.293,33.17823486,,,,,,,
2.294,3.061157227,,,,,,,
2.295,8.241577148,,,,,,,
2.296,68.00478516,,,,,,,
2.297,2.119262695,,,,,,,
2.298,27.99781494,,,,,,,
2.299,1.64831543,,,,,,,
2.3,6.357788086,,,,,,,
2.301,56.23110352,,,,,,,
2.302,1.64831543,,,,,,,
2.303,20.46265869,,,,,,,
2.304,0.706420898,,,,,,,
2.305,4.003051758,,,,,,,
2.306,37.41676025,,,,,,,
2.307,1.177368164,,,,,,,
2.308,16.24768066,,,,,,,
2.309,0.706420898,,,,,,,
2.31,4.003051758,,,,,,,
2.311,43.06812744,,,,,,,
2.312,1.177368164,,,,,,,
2.313,17.66052246,,,,,,,
2.314,1.177368164,,,,,,,
2.315,4.944946289,,,,,,,
2.316,44.01002197,,,,,,,
2.317,1.177368164,,,,,,,
2.318,21.40455322,,,,,,,
2.319,1.64831543,,,,,,,
2.32,6.828735352,,,,,,,
2.321,69.41762695,,,,,,,
2.322,2.119262695,,,,,,,
2.323,35.06202393,,,,,,,
2.324,2.590209961,,,,,,,
2.325,9.654418945,,,,,,,
2.326,75.04544678,,,,,,,
2.327,2.590209961,,,,,,,
2.328,34.12012939,,,,,,,
2.329,2.590209961,,,,,,,
2.33,8.241577148,,,,,,,
2.331,46.34121094,,,,,,,
2.332,2.119262695,,,,,,,
2.333,26.58497314,,,,,,,
2.334,2.119262695,,,,,,,
2.335,5.88684082,,,,,,,
2.336,23.75928955,,,,,,,
2.337,1.64831543,,,,,,,
2.338,22.34644775,,,,,,,
2.339,1.177368164,,,,,,,
2.34,3.532104492,,,,,,,
2.341,5.88684082,,,,,,,
2.342,-0.235473633,,,,,,,
2.343,13.89294434,,,,,,,
2.344,0.235473633,,,,,,,
2.345,6.828735352,,,,,,,
2.346,85.87723389,,,,,,,
2.347,2.119262695,,,,,,,
2.348,40.24244385,,,,,,,
2.349,2.119262695,,,,,,,
2.35,14.3638916,,,,,,,
2.351,149.8554199,,,,,,,
2.352,4.944946289,,,,,,,
2.353,72.69071045,,,,,,,
2.354,4.944946289,,,,,,,
2.355,25.17213135,,,,,,,
2.356,228.9039185,,,,,,,
2.357,7.299682617,,,,,,,
2.358,111.7557861,,,,,,,
2.359,6.828735352,,,,,,,
2.36,33.17823486,,,,,,,
2.361,257.6081543,,,,,,,
2.362,9.654418945,,,,,,,
2.363,127.7444458,,,,,,,
2.364,7.770629883,,,,,,,
2.365,34.59107666,,,,,,,
2.366,230.3167603,,,,,,,
2.367,8.712524414,,,,,,,
2.368,113.6395752,,,,,,,
2.369,6.357788086,,,,,,,
2.37,25.64307861,,,,,,,
2.371,131.9829712,,,,,,,
2.372,5.88684082,,,,,,,
2.373,72.21976318,,,,,,,
2.374,3.061157227,,,,,,,
2.375,14.3638916,,,,,,,
2.376,51.99257813,,,,,,,
2.377,2.590209961,,,,,,,
2.378,28.93970947,,,,,,,
2.379,0.235473633,,,,,,,
2.38,4.944946289,,,,,,,
2.381,12.00915527,,,,,,,
2.382,1.64831543,,,,,,,
2.383,19.99171143,,,,,,,
2.384,-0.235473633,,,,,,,
2.385,5.88684082,,,,,,,
2.386,37.88770752,,,,,,,
2.387,1.64831543,,,,,,,
2.388,26.11402588,,,,,,,
2.389,0.706420898,,,,,,,
2.39,8.712524414,,,,,,,
2.391,87.76102295,,,,,,,
2.392,3.532104492,,,,,,,
2.393,42.12623291,,,,,,,
2.394,1.64831543,,,,,,,
2.395,12.00915527,,,,,,,
2.396,110.3429443,,,,,,,
2.397,4.003051758,,,,,,,
2.398,48.69594727,,,,,,,
2.399,2.119262695,,,,,,,
2.4,12.48010254,,,,,,,
2.401,111.7557861,,,,,,,
2.402,3.532104492,,,,,,,
2.403,46.8121582,,,,,,,
2.404,2.119262695,,,,,,,
2.405,12.9510498,,,,,,,
2.406,111.7557861,,,,,,,
2.407,4.003051758,,,,,,,
2.408,50.10878906,,,,,,,
2.409,2.119262695,,,,,,,
2.41,14.3638916,,,,,,,
2.411,122.0930786,,,,,,,
2.412,4.473999023,,,,,,,
2.413,61.8824707,,,,,,,
2.414,2.590209961,,,,,,,
2.415,18.60241699,,,,,,,
2.416,149.3844727,,,,,,,
2.417,5.88684082,,,,,,,
2.418,74.10355225,,,,,,,
2.419,3.061157227,,,,,,,
2.42,19.99171143,,,,,,,
2.421,155.9777344,,,,,,,
2.422,5.88684082,,,,,,,
2.423,67.53383789,,,,,,,
2.424,3.061157227,,,,,,,
2.425,15.30578613,,,,,,,
2.426,107.5172607,,,,,,,
2.427,4.003051758,,,,,,,
2.428,46.34121094,,,,,,,
2.429,2.119262695,,,,,,,
2.43,12.00915527,,,,,,,
2.431,96.21452637,,,,,,,
2.432,4.003051758,,,,,,,
2.433,46.8121582,,,,,,,
2.434,1.64831543,,,,,,,
2.435,11.06726074,,,,,,,
2.436,79.28397217,,,,,,,
2.437,3.061157227,,,,,,,
2.438,37.41676025,,,,,,,
2.439,1.64831543,,,,,,,
2.44,9.654418945,,,,,,,
2.441,74.57449951,,,,,,,
2.442,3.061157227,,,,,,,
2.443,39.77149658,,,,,,,
2.444,0.706420898,,,,,,,
2.445,12.00915527,,,,,,,
2.446,91.99954834,,,,,,,
2.447,3.061157227,,,,,,,
2.448,44.48096924,,,,,,,
2.449,0.706420898,,,,,,,
2.45,12.48010254,,,,,,,
2.451,94.82523193,,,,,,,
2.452,3.061157227,,,,,,,
2.453,46.8121582,,,,,,,
2.454,1.177368164,,,,,,,
2.455,12.48010254,,,,,,,
2.456,95.2961792,,,,,,,
2.457,3.061157227,,,,,,,
2.458,44.48096924,,,,,,,
2.459,1.177368164,,,,,,,
2.46,11.53820801,,,,,,,
2.461,93.41239014,,,,,,,
2.462,2.590209961,,,,,,,
2.463,42.59718018,,,,,,,
2.464,0.706420898,,,,,,,
2.465,13.42199707,,,,,,,
2.466,131.5120239,,,,,,,
2.467,3.532104492,,,,,,,
2.468,62.82436523,,,,,,,
2.469,1.177368164,,,,,,,
2.47,14.3638916,,,,,,,
2.471,110.3429443,,,,,,,
2.472,3.061157227,,,,,,,
2.473,39.30054932,,,,,,,
2.474,1.177368164,,,,,,,
2.475,12.00915527,,,,,,,
2.476,95.76712646,,,,,,,
2.477,3.061157227,,,,,,,
2.478,42.59718018,,,,,,,
2.479,0.235473633,,,,,,,
2.48,10.59631348,,,,,,,
2.481,90.11575928,,,,,,,
2.482,2.119262695,,,,,,,
2.483,44.01002197,,,,,,,
2.484,0.706420898,,,,,,,
2.485,12.00915527,,,,,,,
2.486,95.76712646,,,,,,,
2.487,2.590209961,,,,,,,
2.488,44.48096924,,,,,,,
2.489,0.706420898,,,,,,,
2.49,7.299682617,,,,,,,
2.491,58.11489258,,,,,,,
2.492,2.119262695,,,,,,,
2.493,32.7072876,,,,,,,
2.494,0.235473633,,,,,,,
2.495,9.18347168,,,,,,,
2.496,69.88857422,,,,,,,
2.497,2.590209961,,,,,,,
2.498,26.11402588,,,,,,,
2.499,0.706420898,,,,,,,
2.5,12.48010254,,,,,,,
2.501,106.5753662,,,,,,,
2.502,3.061157227,,,,,,,
2.503,41.18433838,,,,,,,
2.504,0.706420898,,,,,,,
2.505,12.9510498,,,,,,,
2.506,96.21452637,,,,,,,
2.507,3.061157227,,,,,,,
2.508,43.06812744,,,,,,,
2.509,0.706420898,,,,,,,
2.51,13.42199707,,,,,,,
2.511,123.9768677,,,,,,,
2.512,3.532104492,,,,,,,
2.513,49.16689453,,,,,,,
2.514,1.177368164,,,,,,,
2.515,11.53820801,,,,,,,
2.516,118.3490479,,,,,,,
2.517,2.590209961,,,,,,,
2.518,31.76539307,,,,,,,
2.519,0.706420898,,,,,,,
2.52,12.9510498,,,,,,,
2.521,108.9301025,,,,,,,
2.522,3.061157227,,,,,,,
2.523,38.82960205,,,,,,,
2.524,0.706420898,,,,,,,
2.525,11.06726074,,,,,,,
2.526,95.2961792,,,,,,,
2.527,2.590209961,,,,,,,
2.528,42.12623291,,,,,,,
2.529,0.706420898,,,,,,,
2.53,10.12536621,,,,,,,
2.531,83.52249756,,,,,,,
2.532,2.119262695,,,,,,,
2.533,38.35865479,,,,,,,
2.534,0.706420898,,,,,,,
2.535,10.59631348,,,,,,,
2.536,90.11575928,,,,,,,
2.537,2.590209961,,,,,,,
2.538,35.06202393,,,,,,,
2.539,0.235473633,,,,,,,
2.54,8.712524414,,,,,,,
2.541,75.04544678,,,,,,,
2.542,2.119262695,,,,,,,
2.543,33.64918213,,,,,,,
2.544,0.706420898,,,,,,,
2.545,9.18347168,,,,,,,
2.546,70.80692139,,,,,,,
2.547,1.64831543,,,,,,,
2.548,30.35255127,,,,,,,
2.549,0.706420898,,,,,,,
2.55,7.770629883,,,,,,,
2.551,66.12099609,,,,,,,
2.552,1.64831543,,,,,,,
2.553,29.41065674,,,,,,,
2.554,0.235473633,,,,,,,
2.555,8.241577148,,,,,,,
2.556,65.65004883,,,,,,,
2.557,1.64831543,,,,,,,
2.558,29.41065674,,,,,,,
2.559,0.235473633,,,,,,,
2.56,7.770629883,,,,,,,
2.561,65.17910156,,,,,,,
2.562,1.64831543,,,,,,,
2.563,29.41065674,,,,,,,
2.564,0.706420898,,,,,,,
2.565,7.770629883,,,,,,,
2.566,64.23720703,,,,,,,
2.567,1.64831543,,,,,,,
2.568,29.41065674,,,,,,,
2.569,0.706420898,,,,,,,
2.57,7.299682617,,,,,,,
2.571,61.41152344,,,,,,,
2.572,1.177368164,,,,,,,
2.573,27.05592041,,,,,,,
2.574,0.235473633,,,,,,,
2.575,7.299682617,,,,,,,
2.576,62.35341797,,,,,,,
2.577,1.64831543,,,,,,,
2.578,28.93970947,,,,,,,
2.579,0.235473633,,,,,,,
2.58,7.770629883,,,,,,,
2.581,61.8824707,,,,,,,
2.582,1.64831543,,,,,,,
2.583,28.93970947,,,,,,,
2.584,0.235473633,,,,,,,
2.585,7.299682617,,,,,,,
2.586,56.70205078,,,,,,,
2.587,1.64831543,,,,,,,
2.588,29.41065674,,,,,,,
2.589,0.235473633,,,,,,,
2.59,7.299682617,,,,,,,
2.591,57.64394531,,,,,,,
2.592,1.64831543,,,,,,,
2.593,30.35255127,,,,,,,
2.594,0.706420898,,,,,,,
2.595,8.241577148,,,,,,,
2.596,65.17910156,,,,,,,
2.597,2.119262695,,,,,,,
2.598,33.64918213,,,,,,,
2.599,0.706420898,,,,,,,
2.6,9.654418945,,,,,,,
2.601,69.41762695,,,,,,,
2.602,2.119262695,,,,,,,
2.603,35.53297119,,,,,,,
2.604,0.706420898,,,,,,,
2.605,10.59631348,,,,,,,
2.606,74.57449951,,,,,,,
2.607,2.119262695,,,,,,,
2.608,35.53297119,,,,,,,
2.609,1.177368164,,,,,,,
2.61,9.18347168,,,,,,,
2.611,82.58060303,,,,,,,
2.612,2.590209961,,,,,,,
2.613,39.30054932,,,,,,,
2.614,1.64831543,,,,,,,
2.615,10.12536621,,,,,,,
2.616,79.28397217,,,,,,,
2.617,2.119262695,,,,,,,
2.618,35.53297119,,,,,,,
2.619,1.177368164,,,,,,,
2.62,9.654418945,,,,,,,
2.621,72.69071045,,,,,,,
2.622,1.64831543,,,,,,,
2.623,36.00391846,,,,,,,
2.624,1.177368164,,,,,,,
2.625,9.654418945,,,,,,,
2.626,77.87113037,,,,,,,
2.627,3.061157227,,,,,,,
2.628,37.88770752,,,,,,,
2.629,1.177368164,,,,,,,
2.63,10.59631348,,,,,,,
2.631,75.98734131,,,,,,,
2.632,2.590209961,,,,,,,
2.633,36.47486572,,,,,,,
2.634,1.177368164,,,,,,,
2.635,9.654418945,,,,,,,
2.636,68.94667969,,,,,,,
2.637,2.119262695,,,,,,,
2.638,34.59107666,,,,,,,
2.639,1.177368164,,,,,,,
2.64,8.712524414,,,,,,,
2.641,64.23720703,,,,,,,
2.642,2.119262695,,,,,,,
2.643,28.93970947,,,,,,,
2.644,1.64831543,,,,,,,
2.645,4.003051758,,,,,,,
2.646,54.34731445,,,,,,,
2.647,1.64831543,,,,,,,
2.648,13.89294434,,,,,,,
2.649,0.235473633,,,,,,,
2.65,1.64831543,,,,,,,
2.651,107.0463135,,,,,,,
2.652,3.061157227,,,,,,,
2.653,43.53907471,,,,,,,
2.654,2.590209961,,,,,,,
2.655,4.003051758,,,,,,,
2.656,51.99257813,,,,,,,
2.657,1.64831543,,,,,,,
2.658,28.46876221,,,,,,,
2.659,1.177368164,,,,,,,
2.66,7.770629883,,,,,,,
2.661,40.71339111,,,,,,,
2.662,1.177368164,,,,,,,
2.663,50.57973633,,,,,,,
2.664,1.64831543,,,,,,,
2.665,8.241577148,,,,,,,
2.666,68.00478516,,,,,,,
2.667,2.119262695,,,,,,,
2.668,35.53297119,,,,,,,
2.669,0.706420898,,,,,,,
2.67,7.770629883,,,,,,,
2.671,55.76015625,,,,,,,
2.672,0.706420898,,,,,,,
2.673,28.46876221,,,,,,,
2.674,0.235473633,,,,,,,
2.675,5.415893555,,,,,,,
2.676,44.01002197,,,,,,,
2.677,1.177368164,,,,,,,
2.678,24.70118408,,,,,,,
2.679,2.590209961,,,,,,,
2.68,7.299682617,,,,,,,
2.681,42.59718018,,,,,,,
2.682,1.64831543,,,,,,,
2.683,27.05592041,,,,,,,
2.684,2.119262695,,,,,,,
2.685,5.415893555,,,,,,,
2.686,35.53297119,,,,,,,
2.687,0.706420898,,,,,,,
2.688,23.28834229,,,,,,,
2.689,1.64831543,,,,,,,
2.69,7.770629883,,,,,,,
2.691,52.46352539,,,,,,,
2.692,2.119262695,,,,,,,
2.693,20.46265869,,,,,,,
2.694,1.64831543,,,,,,,
2.695,6.357788086,,,,,,,
2.696,49.6378418,,,,,,,
2.697,2.119262695,,,,,,,
2.698,39.77149658,,,,,,,
2.699,2.119262695,,,,,,,
2.7,12.9510498,,,,,,,
2.701,84.93533936,,,,,,,
2.702,3.532104492,,,,,,,
2.703,57.64394531,,,,,,,
2.704,4.944946289,,,,,,,
2.705,15.7767334,,,,,,,
2.706,92.47049561,,,,,,,
2.707,3.532104492,,,,,,,
2.708,56.70205078,,,,,,,
2.709,4.944946289,,,,,,,
2.71,12.48010254,,,,,,,
2.711,78.34207764,,,,,,,
2.712,3.532104492,,,,,,,
2.713,43.53907471,,,,,,,
2.714,4.473999023,,,,,,,
2.715,11.06726074,,,,,,,
2.716,70.80692139,,,,,,,
2.717,3.532104492,,,,,,,
2.718,42.59718018,,,,,,,
2.719,3.532104492,,,,,,,
2.72,7.770629883,,,,,,,
2.721,76.45828857,,,,,,,
2.722,2.119262695,,,,,,,
2.723,36.47486572,,,,,,,
2.724,4.473999023,,,,,,,
2.725,9.18347168,,,,,,,
2.726,60.46962891,,,,,,,
2.727,1.177368164,,,,,,,
2.728,30.35255127,,,,,,,
2.729,9.18347168,,,,,,,
2.73,10.12536621,,,,,,,
2.731,62.35341797,,,,,,,
2.732,0.706420898,,,,,,,
2.733,19.99171143,,,,,,,
2.734,4.473999023,,,,,,,
2.735,3.061157227,,,,,,,
2.736,22.34644775,,,,,,,
2.737,0.706420898,,,,,,,
2.738,19.54431152,,,,,,,
2.739,8.241577148,,,,,,,
2.74,7.299682617,,,,,,,
2.741,54.81826172,,,,,,,
2.742,2.590209961,,,,,,,
2.743,50.10878906,,,,,,,
2.744,15.30578613,,,,,,,
2.745,16.24768066,,,,,,,
2.746,110.3429443,,,,,,,
2.747,4.944946289,,,,,,,
2.748,66.59194336,,,,,,,
2.749,11.06726074,,,,,,,
2.75,18.60241699,,,,,,,
2.751,125.8606567,,,,,,,
2.752,4.473999023,,,,,,,
2.753,55.28920898,,,,,,,
2.754,8.241577148,,,,,,,
2.755,13.89294434,,,,,,,
2.756,103.7496826,,,,,,,
2.757,2.590209961,,,,,,,
2.758,33.64918213,,,,,,,
2.759,8.712524414,,,,,,,
2.76,12.48010254,,,,,,,
2.761,91.52860107,,,,,,,
2.762,3.532104492,,,,,,,
2.763,46.8121582,,,,,,,
2.764,8.712524414,,,,,,,
2.765,9.654418945,,,,,,,
2.766,71.27786865,,,,,,,
2.767,2.119262695,,,,,,,
2.768,38.82960205,,,,,,,
2.769,8.241577148,,,,,,,
2.77,8.241577148,,,,,,,
2.771,50.10878906,,,,,,,
2.772,1.177368164,,,,,,,
2.773,29.41065674,,,,,,,
2.774,6.828735352,,,,,,,
2.775,7.770629883,,,,,,,
2.776,57.64394531,,,,,,,
2.777,2.119262695,,,,,,,
2.778,41.18433838,,,,,,,
2.779,10.12536621,,,,,,,
2.78,11.53820801,,,,,,,
2.781,77.40018311,,,,,,,
2.782,2.119262695,,,,,,,
2.783,31.2944458,,,,,,,
2.784,9.654418945,,,,,,,
2.785,12.00915527,,,,,,,
2.786,101.3949463,,,,,,,
2.787,3.532104492,,,,,,,
2.788,49.6378418,,,,,,,
2.789,7.299682617,,,,,,,
2.79,11.06726074,,,,,,,
2.791,71.74881592,,,,,,,
2.792,2.119262695,,,,,,,
2.793,36.47486572,,,,,,,
2.794,6.828735352,,,,,,,
2.795,9.18347168,,,,,,,
2.796,65.65004883,,,,,,,
2.797,2.590209961,,,,,,,
2.798,47.75405273,,,,,,,
2.799,9.18347168,,,,,,,
2.8,14.83483887,,,,,,,
2.801,87.29007568,,,,,,,
2.802,3.061157227,,,,,,,
2.803,45.87026367,,,,,,,
2.804,8.241577148,,,,,,,
2.805,10.12536621,,,,,,,
2.806,47.28310547,,,,,,,
2.807,1.177368164,,,,,,,
2.808,28.93970947,,,,,,,
2.809,4.473999023,,,,,,,
2.81,7.770629883,,,,,,,
2.811,46.34121094,,,,,,,
2.812,1.64831543,,,,,,,
2.813,33.17823486,,,,,,,
2.814,4.944946289,,,,,,,
2.815,7.770629883,,,,,,,
2.816,47.28310547,,,,,,,
2.817,1.64831543,,,,,,,
2.818,32.23634033,,,,,,,
2.819,5.415893555,,,,,,,
2.82,8.241577148,,,,,,,
2.821,43.53907471,,,,,,,
2.822,1.177368164,,,,,,,
2.823,27.99781494,,,,,,,
2.824,4.944946289,,,,,,,
2.825,6.828735352,,,,,,,
2.826,44.01002197,,,,,,,
2.827,1.177368164,,,,,,,
2.828,24.70118408,,,,,,,
2.829,2.590209961,,,,,,,
2.83,6.357788086,,,,,,,
2.831,33.64918213,,,,,,,
2.832,1.177368164,,,,,,,
2.833,23.28834229,,,,,,,
2.834,1.177368164,,,,,,,
2.835,6.357788086,,,,,,,
2.836,35.06202393,,,,,,,
2.837,0.706420898,,,,,,,
2.838,23.75928955,,,,,,,
2.839,2.590209961,,,,,,,
2.84,5.415893555,,,,,,,
2.841,34.12012939,,,,,,,
